INFO 2026-06-01 14:46:14,855 autoreload Watching for file changes with StatReloader
INFO 2026-06-01 14:47:00,865 autoreload C:\Users\User\PycharmProjects\DjangoProject1\shop\views.py changed, reloading.
INFO 2026-06-01 14:47:01,373 autoreload Watching for file changes with StatReloader
INFO 2026-06-01 14:47:43,287 autoreload C:\Users\User\PycharmProjects\DjangoProject1\shop\views.py changed, reloading.
INFO 2026-06-01 14:47:43,905 autoreload Watching for file changes with StatReloader
INFO 2026-06-01 14:50:09,212 autoreload C:\Users\User\PycharmProjects\DjangoProject1\shopbook\settings.py changed, reloading.
INFO 2026-06-01 14:50:09,758 autoreload Watching for file changes with StatReloader
INFO 2026-06-01 14:50:33,306 autoreload C:\Users\User\PycharmProjects\DjangoProject1\shopbook\settings.py changed, reloading.
INFO 2026-06-01 14:50:33,828 autoreload Watching for file changes with StatReloader
INFO 2026-06-01 14:51:38,825 autoreload Watching for file changes with StatReloader
INFO 2026-06-01 14:53:28,813 autoreload Watching for file changes with StatReloader
INFO 2026-06-01 14:53:32,164 log "GET / HTTP/1.1" 200 15696
INFO 2026-06-01 14:53:32,192 log "GET /static/debug_toolbar/js/toolbar.js HTTP/1.1" 304 0
INFO 2026-06-01 14:53:32,192 log "GET /static/debug_toolbar/css/toolbar.css HTTP/1.1" 304 0
INFO 2026-06-01 14:53:32,216 log "GET /static/debug_toolbar/css/print.css HTTP/1.1" 304 0
INFO 2026-06-01 14:53:32,250 log "GET /static/debug_toolbar/js/utils.js HTTP/1.1" 304 0
INFO 2026-06-12 11:35:51,385 autoreload Watching for file changes with StatReloader
INFO 2026-06-12 11:36:09,854 middleware ➡️ Request: GET /
ERROR 2026-06-12 11:36:10,092 log Internal Server Error: /
Traceback (most recent call last):
  File "/usr/local/lib/python3.14/site-packages/django/db/backends/utils.py", line 105, in _execute
    return self.cursor.execute(sql, params)
           ~~~~~~~~~~~~~~~~~~~^^^^^^^^^^^^^
  File "/usr/local/lib/python3.14/site-packages/psycopg/cursor.py", line 117, in execute
    raise ex.with_traceback(None)
psycopg.errors.UndefinedTable: relation "shop_book" does not exist
LINE 1: SELECT COUNT(*) AS "__count" FROM "shop_book"
                                          ^

The above exception was the direct cause of the following exception:

Traceback (most recent call last):
  File "/usr/local/lib/python3.14/site-packages/django/core/handlers/exception.py", line 55, in inner
    response = get_response(request)
  File "/usr/local/lib/python3.14/site-packages/django/core/handlers/base.py", line 198, in _get_response
    response = wrapped_callback(request, *callback_args, **callback_kwargs)
  File "/usr/local/lib/python3.14/site-packages/django/views/generic/base.py", line 106, in view
    return self.dispatch(request, *args, **kwargs)
           ~~~~~~~~~~~~~^^^^^^^^^^^^^^^^^^^^^^^^^^
  File "/usr/local/lib/python3.14/site-packages/django/views/generic/base.py", line 145, in dispatch
    return handler(request, *args, **kwargs)
  File "/usr/local/lib/python3.14/site-packages/django/views/generic/list.py", line 178, in get
    context = self.get_context_data()
  File "/usr/local/lib/python3.14/site-packages/django/views/generic/list.py", line 128, in get_context_data
    paginator, page, queryset, is_paginated = self.paginate_queryset(
                                              ~~~~~~~~~~~~~~~~~~~~~~^
        queryset, page_size
        ^^^^^^^^^^^^^^^^^^^
    )
    ^
  File "/usr/local/lib/python3.14/site-packages/django/views/generic/list.py", line 73, in paginate_queryset
    page = paginator.page(page_number)
  File "/usr/local/lib/python3.14/site-packages/django/core/paginator.py", line 177, in page
    number = self.validate_number(number)
  File "/usr/local/lib/python3.14/site-packages/django/core/paginator.py", line 160, in validate_number
    return self._validate_number(number, self.num_pages)
                                         ^^^^^^^^^^^^^^
  File "/usr/local/lib/python3.14/site-packages/django/utils/functional.py", line 47, in __get__
    res = instance.__dict__[self.name] = self.func(instance)
                                         ~~~~~~~~~^^^^^^^^^^
  File "/usr/local/lib/python3.14/site-packages/django/core/paginator.py", line 195, in num_pages
    if self.count == 0 and not self.allow_empty_first_page:
       ^^^^^^^^^^
  File "/usr/local/lib/python3.14/site-packages/django/utils/functional.py", line 47, in __get__
    res = instance.__dict__[self.name] = self.func(instance)
                                         ~~~~~~~~~^^^^^^^^^^
  File "/usr/local/lib/python3.14/site-packages/django/core/paginator.py", line 189, in count
    return c()
  File "/usr/local/lib/python3.14/site-packages/django/db/models/query.py", line 610, in count
    return self.query.get_count(using=self.db)
           ~~~~~~~~~~~~~~~~~~~~^^^^^^^^^^^^^^^
  File "/usr/local/lib/python3.14/site-packages/django/db/models/sql/query.py", line 656, in get_count
    return obj.get_aggregation(using, {"__count": Count("*")})["__count"]
           ~~~~~~~~~~~~~~~~~~~^^^^^^^^^^^^^^^^^^^^^^^^^^^^^^^^
  File "/usr/local/lib/python3.14/site-packages/django/db/models/sql/query.py", line 638, in get_aggregation
    result = compiler.execute_sql(SINGLE)
  File "/usr/local/lib/python3.14/site-packages/django/db/models/sql/compiler.py", line 1624, in execute_sql
    cursor.execute(sql, params)
    ~~~~~~~~~~~~~~^^^^^^^^^^^^^
  File "/usr/local/lib/python3.14/site-packages/debug_toolbar/panels/sql/tracking.py", line 243, in execute
    return self._record(super().execute, sql, params)
           ~~~~~~~~~~~~^^^^^^^^^^^^^^^^^^^^^^^^^^^^^^
  File "/usr/local/lib/python3.14/site-packages/debug_toolbar/panels/sql/tracking.py", line 164, in _record
    return method(sql, params)
  File "/usr/local/lib/python3.14/site-packages/django/db/backends/utils.py", line 122, in execute
    return super().execute(sql, params)
           ~~~~~~~~~~~~~~~^^^^^^^^^^^^^
  File "/usr/local/lib/python3.14/site-packages/django/db/backends/utils.py", line 79, in execute
    return self._execute_with_wrappers(
           ~~~~~~~~~~~~~~~~~~~~~~~~~~~^
        sql, params, many=False, executor=self._execute
        ^^^^^^^^^^^^^^^^^^^^^^^^^^^^^^^^^^^^^^^^^^^^^^^
    )
    ^
  File "/usr/local/lib/python3.14/site-packages/django/db/backends/utils.py", line 92, in _execute_with_wrappers
    return executor(sql, params, many, context)
  File "/usr/local/lib/python3.14/site-packages/django/db/backends/utils.py", line 100, in _execute
    with self.db.wrap_database_errors:
         ^^^^^^^^^^^^^^^^^^^^^^^^^^^^
  File "/usr/local/lib/python3.14/site-packages/django/db/utils.py", line 94, in __exit__
    raise dj_exc_value.with_traceback(traceback) from exc_value
  File "/usr/local/lib/python3.14/site-packages/django/db/backends/utils.py", line 105, in _execute
    return self.cursor.execute(sql, params)
           ~~~~~~~~~~~~~~~~~~~^^^^^^^^^^^^^
  File "/usr/local/lib/python3.14/site-packages/psycopg/cursor.py", line 117, in execute
    raise ex.with_traceback(None)
django.db.utils.ProgrammingError: relation "shop_book" does not exist
LINE 1: SELECT COUNT(*) AS "__count" FROM "shop_book"
                                          ^
INFO 2026-06-12 11:36:10,107 middleware ⬅️ Response: GET / Status: 500 Time: 0.2533s
ERROR 2026-06-12 11:36:10,175 log "GET / HTTP/1.1" 500 193716
INFO 2026-06-12 11:36:10,180 basehttp - Broken pipe from ('127.0.0.1', 50776)
INFO 2026-06-12 11:36:30,233 middleware ➡️ Request: GET /
ERROR 2026-06-12 11:36:30,271 log Internal Server Error: /
Traceback (most recent call last):
  File "/usr/local/lib/python3.14/site-packages/django/db/backends/utils.py", line 105, in _execute
    return self.cursor.execute(sql, params)
           ~~~~~~~~~~~~~~~~~~~^^^^^^^^^^^^^
  File "/usr/local/lib/python3.14/site-packages/psycopg/cursor.py", line 117, in execute
    raise ex.with_traceback(None)
psycopg.errors.UndefinedTable: relation "shop_book" does not exist
LINE 1: SELECT COUNT(*) AS "__count" FROM "shop_book"
                                          ^

The above exception was the direct cause of the following exception:

Traceback (most recent call last):
  File "/usr/local/lib/python3.14/site-packages/django/core/handlers/exception.py", line 55, in inner
    response = get_response(request)
  File "/usr/local/lib/python3.14/site-packages/django/core/handlers/base.py", line 198, in _get_response
    response = wrapped_callback(request, *callback_args, **callback_kwargs)
  File "/usr/local/lib/python3.14/site-packages/django/views/generic/base.py", line 106, in view
    return self.dispatch(request, *args, **kwargs)
           ~~~~~~~~~~~~~^^^^^^^^^^^^^^^^^^^^^^^^^^
  File "/usr/local/lib/python3.14/site-packages/django/views/generic/base.py", line 145, in dispatch
    return handler(request, *args, **kwargs)
  File "/usr/local/lib/python3.14/site-packages/django/views/generic/list.py", line 178, in get
    context = self.get_context_data()
  File "/usr/local/lib/python3.14/site-packages/django/views/generic/list.py", line 128, in get_context_data
    paginator, page, queryset, is_paginated = self.paginate_queryset(
                                              ~~~~~~~~~~~~~~~~~~~~~~^
        queryset, page_size
        ^^^^^^^^^^^^^^^^^^^
    )
    ^
  File "/usr/local/lib/python3.14/site-packages/django/views/generic/list.py", line 73, in paginate_queryset
    page = paginator.page(page_number)
  File "/usr/local/lib/python3.14/site-packages/django/core/paginator.py", line 177, in page
    number = self.validate_number(number)
  File "/usr/local/lib/python3.14/site-packages/django/core/paginator.py", line 160, in validate_number
    return self._validate_number(number, self.num_pages)
                                         ^^^^^^^^^^^^^^
  File "/usr/local/lib/python3.14/site-packages/django/utils/functional.py", line 47, in __get__
    res = instance.__dict__[self.name] = self.func(instance)
                                         ~~~~~~~~~^^^^^^^^^^
  File "/usr/local/lib/python3.14/site-packages/django/core/paginator.py", line 195, in num_pages
    if self.count == 0 and not self.allow_empty_first_page:
       ^^^^^^^^^^
  File "/usr/local/lib/python3.14/site-packages/django/utils/functional.py", line 47, in __get__
    res = instance.__dict__[self.name] = self.func(instance)
                                         ~~~~~~~~~^^^^^^^^^^
  File "/usr/local/lib/python3.14/site-packages/django/core/paginator.py", line 189, in count
    return c()
  File "/usr/local/lib/python3.14/site-packages/django/db/models/query.py", line 610, in count
    return self.query.get_count(using=self.db)
           ~~~~~~~~~~~~~~~~~~~~^^^^^^^^^^^^^^^
  File "/usr/local/lib/python3.14/site-packages/django/db/models/sql/query.py", line 656, in get_count
    return obj.get_aggregation(using, {"__count": Count("*")})["__count"]
           ~~~~~~~~~~~~~~~~~~~^^^^^^^^^^^^^^^^^^^^^^^^^^^^^^^^
  File "/usr/local/lib/python3.14/site-packages/django/db/models/sql/query.py", line 638, in get_aggregation
    result = compiler.execute_sql(SINGLE)
  File "/usr/local/lib/python3.14/site-packages/django/db/models/sql/compiler.py", line 1624, in execute_sql
    cursor.execute(sql, params)
    ~~~~~~~~~~~~~~^^^^^^^^^^^^^
  File "/usr/local/lib/python3.14/site-packages/debug_toolbar/panels/sql/tracking.py", line 243, in execute
    return self._record(super().execute, sql, params)
           ~~~~~~~~~~~~^^^^^^^^^^^^^^^^^^^^^^^^^^^^^^
  File "/usr/local/lib/python3.14/site-packages/debug_toolbar/panels/sql/tracking.py", line 164, in _record
    return method(sql, params)
  File "/usr/local/lib/python3.14/site-packages/django/db/backends/utils.py", line 122, in execute
    return super().execute(sql, params)
           ~~~~~~~~~~~~~~~^^^^^^^^^^^^^
  File "/usr/local/lib/python3.14/site-packages/django/db/backends/utils.py", line 79, in execute
    return self._execute_with_wrappers(
           ~~~~~~~~~~~~~~~~~~~~~~~~~~~^
        sql, params, many=False, executor=self._execute
        ^^^^^^^^^^^^^^^^^^^^^^^^^^^^^^^^^^^^^^^^^^^^^^^
    )
    ^
  File "/usr/local/lib/python3.14/site-packages/django/db/backends/utils.py", line 92, in _execute_with_wrappers
    return executor(sql, params, many, context)
  File "/usr/local/lib/python3.14/site-packages/django/db/backends/utils.py", line 100, in _execute
    with self.db.wrap_database_errors:
         ^^^^^^^^^^^^^^^^^^^^^^^^^^^^
  File "/usr/local/lib/python3.14/site-packages/django/db/utils.py", line 94, in __exit__
    raise dj_exc_value.with_traceback(traceback) from exc_value
  File "/usr/local/lib/python3.14/site-packages/django/db/backends/utils.py", line 105, in _execute
    return self.cursor.execute(sql, params)
           ~~~~~~~~~~~~~~~~~~~^^^^^^^^^^^^^
  File "/usr/local/lib/python3.14/site-packages/psycopg/cursor.py", line 117, in execute
    raise ex.with_traceback(None)
django.db.utils.ProgrammingError: relation "shop_book" does not exist
LINE 1: SELECT COUNT(*) AS "__count" FROM "shop_book"
                                          ^
INFO 2026-06-12 11:36:30,276 middleware ⬅️ Response: GET / Status: 500 Time: 0.0435s
ERROR 2026-06-12 11:36:30,322 log "GET / HTTP/1.1" 500 193714
INFO 2026-06-12 11:36:30,328 basehttp - Broken pipe from ('127.0.0.1', 51134)
INFO 2026-06-12 11:36:50,413 middleware ➡️ Request: GET /
ERROR 2026-06-12 11:36:50,456 log Internal Server Error: /
Traceback (most recent call last):
  File "/usr/local/lib/python3.14/site-packages/django/db/backends/utils.py", line 105, in _execute
    return self.cursor.execute(sql, params)
           ~~~~~~~~~~~~~~~~~~~^^^^^^^^^^^^^
  File "/usr/local/lib/python3.14/site-packages/psycopg/cursor.py", line 117, in execute
    raise ex.with_traceback(None)
psycopg.errors.UndefinedTable: relation "shop_book" does not exist
LINE 1: SELECT COUNT(*) AS "__count" FROM "shop_book"
                                          ^

The above exception was the direct cause of the following exception:

Traceback (most recent call last):
  File "/usr/local/lib/python3.14/site-packages/django/core/handlers/exception.py", line 55, in inner
    response = get_response(request)
  File "/usr/local/lib/python3.14/site-packages/django/core/handlers/base.py", line 198, in _get_response
    response = wrapped_callback(request, *callback_args, **callback_kwargs)
  File "/usr/local/lib/python3.14/site-packages/django/views/generic/base.py", line 106, in view
    return self.dispatch(request, *args, **kwargs)
           ~~~~~~~~~~~~~^^^^^^^^^^^^^^^^^^^^^^^^^^
  File "/usr/local/lib/python3.14/site-packages/django/views/generic/base.py", line 145, in dispatch
    return handler(request, *args, **kwargs)
  File "/usr/local/lib/python3.14/site-packages/django/views/generic/list.py", line 178, in get
    context = self.get_context_data()
  File "/usr/local/lib/python3.14/site-packages/django/views/generic/list.py", line 128, in get_context_data
    paginator, page, queryset, is_paginated = self.paginate_queryset(
                                              ~~~~~~~~~~~~~~~~~~~~~~^
        queryset, page_size
        ^^^^^^^^^^^^^^^^^^^
    )
    ^
  File "/usr/local/lib/python3.14/site-packages/django/views/generic/list.py", line 73, in paginate_queryset
    page = paginator.page(page_number)
  File "/usr/local/lib/python3.14/site-packages/django/core/paginator.py", line 177, in page
    number = self.validate_number(number)
  File "/usr/local/lib/python3.14/site-packages/django/core/paginator.py", line 160, in validate_number
    return self._validate_number(number, self.num_pages)
                                         ^^^^^^^^^^^^^^
  File "/usr/local/lib/python3.14/site-packages/django/utils/functional.py", line 47, in __get__
    res = instance.__dict__[self.name] = self.func(instance)
                                         ~~~~~~~~~^^^^^^^^^^
  File "/usr/local/lib/python3.14/site-packages/django/core/paginator.py", line 195, in num_pages
    if self.count == 0 and not self.allow_empty_first_page:
       ^^^^^^^^^^
  File "/usr/local/lib/python3.14/site-packages/django/utils/functional.py", line 47, in __get__
    res = instance.__dict__[self.name] = self.func(instance)
                                         ~~~~~~~~~^^^^^^^^^^
  File "/usr/local/lib/python3.14/site-packages/django/core/paginator.py", line 189, in count
    return c()
  File "/usr/local/lib/python3.14/site-packages/django/db/models/query.py", line 610, in count
    return self.query.get_count(using=self.db)
           ~~~~~~~~~~~~~~~~~~~~^^^^^^^^^^^^^^^
  File "/usr/local/lib/python3.14/site-packages/django/db/models/sql/query.py", line 656, in get_count
    return obj.get_aggregation(using, {"__count": Count("*")})["__count"]
           ~~~~~~~~~~~~~~~~~~~^^^^^^^^^^^^^^^^^^^^^^^^^^^^^^^^
  File "/usr/local/lib/python3.14/site-packages/django/db/models/sql/query.py", line 638, in get_aggregation
    result = compiler.execute_sql(SINGLE)
  File "/usr/local/lib/python3.14/site-packages/django/db/models/sql/compiler.py", line 1624, in execute_sql
    cursor.execute(sql, params)
    ~~~~~~~~~~~~~~^^^^^^^^^^^^^
  File "/usr/local/lib/python3.14/site-packages/debug_toolbar/panels/sql/tracking.py", line 243, in execute
    return self._record(super().execute, sql, params)
           ~~~~~~~~~~~~^^^^^^^^^^^^^^^^^^^^^^^^^^^^^^
  File "/usr/local/lib/python3.14/site-packages/debug_toolbar/panels/sql/tracking.py", line 164, in _record
    return method(sql, params)
  File "/usr/local/lib/python3.14/site-packages/django/db/backends/utils.py", line 122, in execute
    return super().execute(sql, params)
           ~~~~~~~~~~~~~~~^^^^^^^^^^^^^
  File "/usr/local/lib/python3.14/site-packages/django/db/backends/utils.py", line 79, in execute
    return self._execute_with_wrappers(
           ~~~~~~~~~~~~~~~~~~~~~~~~~~~^
        sql, params, many=False, executor=self._execute
        ^^^^^^^^^^^^^^^^^^^^^^^^^^^^^^^^^^^^^^^^^^^^^^^
    )
    ^
  File "/usr/local/lib/python3.14/site-packages/django/db/backends/utils.py", line 92, in _execute_with_wrappers
    return executor(sql, params, many, context)
  File "/usr/local/lib/python3.14/site-packages/django/db/backends/utils.py", line 100, in _execute
    with self.db.wrap_database_errors:
         ^^^^^^^^^^^^^^^^^^^^^^^^^^^^
  File "/usr/local/lib/python3.14/site-packages/django/db/utils.py", line 94, in __exit__
    raise dj_exc_value.with_traceback(traceback) from exc_value
  File "/usr/local/lib/python3.14/site-packages/django/db/backends/utils.py", line 105, in _execute
    return self.cursor.execute(sql, params)
           ~~~~~~~~~~~~~~~~~~~^^^^^^^^^^^^^
  File "/usr/local/lib/python3.14/site-packages/psycopg/cursor.py", line 117, in execute
    raise ex.with_traceback(None)
django.db.utils.ProgrammingError: relation "shop_book" does not exist
LINE 1: SELECT COUNT(*) AS "__count" FROM "shop_book"
                                          ^
INFO 2026-06-12 11:36:50,462 middleware ⬅️ Response: GET / Status: 500 Time: 0.0486s
ERROR 2026-06-12 11:36:50,499 log "GET / HTTP/1.1" 500 193714
INFO 2026-06-12 11:36:50,502 basehttp - Broken pipe from ('127.0.0.1', 39110)
INFO 2026-06-12 11:37:10,550 middleware ➡️ Request: GET /
ERROR 2026-06-12 11:37:10,583 log Internal Server Error: /
Traceback (most recent call last):
  File "/usr/local/lib/python3.14/site-packages/django/db/backends/utils.py", line 105, in _execute
    return self.cursor.execute(sql, params)
           ~~~~~~~~~~~~~~~~~~~^^^^^^^^^^^^^
  File "/usr/local/lib/python3.14/site-packages/psycopg/cursor.py", line 117, in execute
    raise ex.with_traceback(None)
psycopg.errors.UndefinedTable: relation "shop_book" does not exist
LINE 1: SELECT COUNT(*) AS "__count" FROM "shop_book"
                                          ^

The above exception was the direct cause of the following exception:

Traceback (most recent call last):
  File "/usr/local/lib/python3.14/site-packages/django/core/handlers/exception.py", line 55, in inner
    response = get_response(request)
  File "/usr/local/lib/python3.14/site-packages/django/core/handlers/base.py", line 198, in _get_response
    response = wrapped_callback(request, *callback_args, **callback_kwargs)
  File "/usr/local/lib/python3.14/site-packages/django/views/generic/base.py", line 106, in view
    return self.dispatch(request, *args, **kwargs)
           ~~~~~~~~~~~~~^^^^^^^^^^^^^^^^^^^^^^^^^^
  File "/usr/local/lib/python3.14/site-packages/django/views/generic/base.py", line 145, in dispatch
    return handler(request, *args, **kwargs)
  File "/usr/local/lib/python3.14/site-packages/django/views/generic/list.py", line 178, in get
    context = self.get_context_data()
  File "/usr/local/lib/python3.14/site-packages/django/views/generic/list.py", line 128, in get_context_data
    paginator, page, queryset, is_paginated = self.paginate_queryset(
                                              ~~~~~~~~~~~~~~~~~~~~~~^
        queryset, page_size
        ^^^^^^^^^^^^^^^^^^^
    )
    ^
  File "/usr/local/lib/python3.14/site-packages/django/views/generic/list.py", line 73, in paginate_queryset
    page = paginator.page(page_number)
  File "/usr/local/lib/python3.14/site-packages/django/core/paginator.py", line 177, in page
    number = self.validate_number(number)
  File "/usr/local/lib/python3.14/site-packages/django/core/paginator.py", line 160, in validate_number
    return self._validate_number(number, self.num_pages)
                                         ^^^^^^^^^^^^^^
  File "/usr/local/lib/python3.14/site-packages/django/utils/functional.py", line 47, in __get__
    res = instance.__dict__[self.name] = self.func(instance)
                                         ~~~~~~~~~^^^^^^^^^^
  File "/usr/local/lib/python3.14/site-packages/django/core/paginator.py", line 195, in num_pages
    if self.count == 0 and not self.allow_empty_first_page:
       ^^^^^^^^^^
  File "/usr/local/lib/python3.14/site-packages/django/utils/functional.py", line 47, in __get__
    res = instance.__dict__[self.name] = self.func(instance)
                                         ~~~~~~~~~^^^^^^^^^^
  File "/usr/local/lib/python3.14/site-packages/django/core/paginator.py", line 189, in count
    return c()
  File "/usr/local/lib/python3.14/site-packages/django/db/models/query.py", line 610, in count
    return self.query.get_count(using=self.db)
           ~~~~~~~~~~~~~~~~~~~~^^^^^^^^^^^^^^^
  File "/usr/local/lib/python3.14/site-packages/django/db/models/sql/query.py", line 656, in get_count
    return obj.get_aggregation(using, {"__count": Count("*")})["__count"]
           ~~~~~~~~~~~~~~~~~~~^^^^^^^^^^^^^^^^^^^^^^^^^^^^^^^^
  File "/usr/local/lib/python3.14/site-packages/django/db/models/sql/query.py", line 638, in get_aggregation
    result = compiler.execute_sql(SINGLE)
  File "/usr/local/lib/python3.14/site-packages/django/db/models/sql/compiler.py", line 1624, in execute_sql
    cursor.execute(sql, params)
    ~~~~~~~~~~~~~~^^^^^^^^^^^^^
  File "/usr/local/lib/python3.14/site-packages/debug_toolbar/panels/sql/tracking.py", line 243, in execute
    return self._record(super().execute, sql, params)
           ~~~~~~~~~~~~^^^^^^^^^^^^^^^^^^^^^^^^^^^^^^
  File "/usr/local/lib/python3.14/site-packages/debug_toolbar/panels/sql/tracking.py", line 164, in _record
    return method(sql, params)
  File "/usr/local/lib/python3.14/site-packages/django/db/backends/utils.py", line 122, in execute
    return super().execute(sql, params)
           ~~~~~~~~~~~~~~~^^^^^^^^^^^^^
  File "/usr/local/lib/python3.14/site-packages/django/db/backends/utils.py", line 79, in execute
    return self._execute_with_wrappers(
           ~~~~~~~~~~~~~~~~~~~~~~~~~~~^
        sql, params, many=False, executor=self._execute
        ^^^^^^^^^^^^^^^^^^^^^^^^^^^^^^^^^^^^^^^^^^^^^^^
    )
    ^
  File "/usr/local/lib/python3.14/site-packages/django/db/backends/utils.py", line 92, in _execute_with_wrappers
    return executor(sql, params, many, context)
  File "/usr/local/lib/python3.14/site-packages/django/db/backends/utils.py", line 100, in _execute
    with self.db.wrap_database_errors:
         ^^^^^^^^^^^^^^^^^^^^^^^^^^^^
  File "/usr/local/lib/python3.14/site-packages/django/db/utils.py", line 94, in __exit__
    raise dj_exc_value.with_traceback(traceback) from exc_value
  File "/usr/local/lib/python3.14/site-packages/django/db/backends/utils.py", line 105, in _execute
    return self.cursor.execute(sql, params)
           ~~~~~~~~~~~~~~~~~~~^^^^^^^^^^^^^
  File "/usr/local/lib/python3.14/site-packages/psycopg/cursor.py", line 117, in execute
    raise ex.with_traceback(None)
django.db.utils.ProgrammingError: relation "shop_book" does not exist
LINE 1: SELECT COUNT(*) AS "__count" FROM "shop_book"
                                          ^
INFO 2026-06-12 11:37:10,588 middleware ⬅️ Response: GET / Status: 500 Time: 0.0386s
ERROR 2026-06-12 11:37:10,622 log "GET / HTTP/1.1" 500 193711
INFO 2026-06-12 11:37:10,625 basehttp - Broken pipe from ('127.0.0.1', 60666)
INFO 2026-06-12 11:37:30,680 middleware ➡️ Request: GET /
ERROR 2026-06-12 11:37:30,716 log Internal Server Error: /
Traceback (most recent call last):
  File "/usr/local/lib/python3.14/site-packages/django/db/backends/utils.py", line 105, in _execute
    return self.cursor.execute(sql, params)
           ~~~~~~~~~~~~~~~~~~~^^^^^^^^^^^^^
  File "/usr/local/lib/python3.14/site-packages/psycopg/cursor.py", line 117, in execute
    raise ex.with_traceback(None)
psycopg.errors.UndefinedTable: relation "shop_book" does not exist
LINE 1: SELECT COUNT(*) AS "__count" FROM "shop_book"
                                          ^

The above exception was the direct cause of the following exception:

Traceback (most recent call last):
  File "/usr/local/lib/python3.14/site-packages/django/core/handlers/exception.py", line 55, in inner
    response = get_response(request)
  File "/usr/local/lib/python3.14/site-packages/django/core/handlers/base.py", line 198, in _get_response
    response = wrapped_callback(request, *callback_args, **callback_kwargs)
  File "/usr/local/lib/python3.14/site-packages/django/views/generic/base.py", line 106, in view
    return self.dispatch(request, *args, **kwargs)
           ~~~~~~~~~~~~~^^^^^^^^^^^^^^^^^^^^^^^^^^
  File "/usr/local/lib/python3.14/site-packages/django/views/generic/base.py", line 145, in dispatch
    return handler(request, *args, **kwargs)
  File "/usr/local/lib/python3.14/site-packages/django/views/generic/list.py", line 178, in get
    context = self.get_context_data()
  File "/usr/local/lib/python3.14/site-packages/django/views/generic/list.py", line 128, in get_context_data
    paginator, page, queryset, is_paginated = self.paginate_queryset(
                                              ~~~~~~~~~~~~~~~~~~~~~~^
        queryset, page_size
        ^^^^^^^^^^^^^^^^^^^
    )
    ^
  File "/usr/local/lib/python3.14/site-packages/django/views/generic/list.py", line 73, in paginate_queryset
    page = paginator.page(page_number)
  File "/usr/local/lib/python3.14/site-packages/django/core/paginator.py", line 177, in page
    number = self.validate_number(number)
  File "/usr/local/lib/python3.14/site-packages/django/core/paginator.py", line 160, in validate_number
    return self._validate_number(number, self.num_pages)
                                         ^^^^^^^^^^^^^^
  File "/usr/local/lib/python3.14/site-packages/django/utils/functional.py", line 47, in __get__
    res = instance.__dict__[self.name] = self.func(instance)
                                         ~~~~~~~~~^^^^^^^^^^
  File "/usr/local/lib/python3.14/site-packages/django/core/paginator.py", line 195, in num_pages
    if self.count == 0 and not self.allow_empty_first_page:
       ^^^^^^^^^^
  File "/usr/local/lib/python3.14/site-packages/django/utils/functional.py", line 47, in __get__
    res = instance.__dict__[self.name] = self.func(instance)
                                         ~~~~~~~~~^^^^^^^^^^
  File "/usr/local/lib/python3.14/site-packages/django/core/paginator.py", line 189, in count
    return c()
  File "/usr/local/lib/python3.14/site-packages/django/db/models/query.py", line 610, in count
    return self.query.get_count(using=self.db)
           ~~~~~~~~~~~~~~~~~~~~^^^^^^^^^^^^^^^
  File "/usr/local/lib/python3.14/site-packages/django/db/models/sql/query.py", line 656, in get_count
    return obj.get_aggregation(using, {"__count": Count("*")})["__count"]
           ~~~~~~~~~~~~~~~~~~~^^^^^^^^^^^^^^^^^^^^^^^^^^^^^^^^
  File "/usr/local/lib/python3.14/site-packages/django/db/models/sql/query.py", line 638, in get_aggregation
    result = compiler.execute_sql(SINGLE)
  File "/usr/local/lib/python3.14/site-packages/django/db/models/sql/compiler.py", line 1624, in execute_sql
    cursor.execute(sql, params)
    ~~~~~~~~~~~~~~^^^^^^^^^^^^^
  File "/usr/local/lib/python3.14/site-packages/debug_toolbar/panels/sql/tracking.py", line 243, in execute
    return self._record(super().execute, sql, params)
           ~~~~~~~~~~~~^^^^^^^^^^^^^^^^^^^^^^^^^^^^^^
  File "/usr/local/lib/python3.14/site-packages/debug_toolbar/panels/sql/tracking.py", line 164, in _record
    return method(sql, params)
  File "/usr/local/lib/python3.14/site-packages/django/db/backends/utils.py", line 122, in execute
    return super().execute(sql, params)
           ~~~~~~~~~~~~~~~^^^^^^^^^^^^^
  File "/usr/local/lib/python3.14/site-packages/django/db/backends/utils.py", line 79, in execute
    return self._execute_with_wrappers(
           ~~~~~~~~~~~~~~~~~~~~~~~~~~~^
        sql, params, many=False, executor=self._execute
        ^^^^^^^^^^^^^^^^^^^^^^^^^^^^^^^^^^^^^^^^^^^^^^^
    )
    ^
  File "/usr/local/lib/python3.14/site-packages/django/db/backends/utils.py", line 92, in _execute_with_wrappers
    return executor(sql, params, many, context)
  File "/usr/local/lib/python3.14/site-packages/django/db/backends/utils.py", line 100, in _execute
    with self.db.wrap_database_errors:
         ^^^^^^^^^^^^^^^^^^^^^^^^^^^^
  File "/usr/local/lib/python3.14/site-packages/django/db/utils.py", line 94, in __exit__
    raise dj_exc_value.with_traceback(traceback) from exc_value
  File "/usr/local/lib/python3.14/site-packages/django/db/backends/utils.py", line 105, in _execute
    return self.cursor.execute(sql, params)
           ~~~~~~~~~~~~~~~~~~~^^^^^^^^^^^^^
  File "/usr/local/lib/python3.14/site-packages/psycopg/cursor.py", line 117, in execute
    raise ex.with_traceback(None)
django.db.utils.ProgrammingError: relation "shop_book" does not exist
LINE 1: SELECT COUNT(*) AS "__count" FROM "shop_book"
                                          ^
INFO 2026-06-12 11:37:30,722 middleware ⬅️ Response: GET / Status: 500 Time: 0.0427s
ERROR 2026-06-12 11:37:30,760 log "GET / HTTP/1.1" 500 193716
INFO 2026-06-12 11:37:30,762 basehttp - Broken pipe from ('127.0.0.1', 45646)
INFO 2026-06-12 11:37:50,817 middleware ➡️ Request: GET /
ERROR 2026-06-12 11:37:50,851 log Internal Server Error: /
Traceback (most recent call last):
  File "/usr/local/lib/python3.14/site-packages/django/db/backends/utils.py", line 105, in _execute
    return self.cursor.execute(sql, params)
           ~~~~~~~~~~~~~~~~~~~^^^^^^^^^^^^^
  File "/usr/local/lib/python3.14/site-packages/psycopg/cursor.py", line 117, in execute
    raise ex.with_traceback(None)
psycopg.errors.UndefinedTable: relation "shop_book" does not exist
LINE 1: SELECT COUNT(*) AS "__count" FROM "shop_book"
                                          ^

The above exception was the direct cause of the following exception:

Traceback (most recent call last):
  File "/usr/local/lib/python3.14/site-packages/django/core/handlers/exception.py", line 55, in inner
    response = get_response(request)
  File "/usr/local/lib/python3.14/site-packages/django/core/handlers/base.py", line 198, in _get_response
    response = wrapped_callback(request, *callback_args, **callback_kwargs)
  File "/usr/local/lib/python3.14/site-packages/django/views/generic/base.py", line 106, in view
    return self.dispatch(request, *args, **kwargs)
           ~~~~~~~~~~~~~^^^^^^^^^^^^^^^^^^^^^^^^^^
  File "/usr/local/lib/python3.14/site-packages/django/views/generic/base.py", line 145, in dispatch
    return handler(request, *args, **kwargs)
  File "/usr/local/lib/python3.14/site-packages/django/views/generic/list.py", line 178, in get
    context = self.get_context_data()
  File "/usr/local/lib/python3.14/site-packages/django/views/generic/list.py", line 128, in get_context_data
    paginator, page, queryset, is_paginated = self.paginate_queryset(
                                              ~~~~~~~~~~~~~~~~~~~~~~^
        queryset, page_size
        ^^^^^^^^^^^^^^^^^^^
    )
    ^
  File "/usr/local/lib/python3.14/site-packages/django/views/generic/list.py", line 73, in paginate_queryset
    page = paginator.page(page_number)
  File "/usr/local/lib/python3.14/site-packages/django/core/paginator.py", line 177, in page
    number = self.validate_number(number)
  File "/usr/local/lib/python3.14/site-packages/django/core/paginator.py", line 160, in validate_number
    return self._validate_number(number, self.num_pages)
                                         ^^^^^^^^^^^^^^
  File "/usr/local/lib/python3.14/site-packages/django/utils/functional.py", line 47, in __get__
    res = instance.__dict__[self.name] = self.func(instance)
                                         ~~~~~~~~~^^^^^^^^^^
  File "/usr/local/lib/python3.14/site-packages/django/core/paginator.py", line 195, in num_pages
    if self.count == 0 and not self.allow_empty_first_page:
       ^^^^^^^^^^
  File "/usr/local/lib/python3.14/site-packages/django/utils/functional.py", line 47, in __get__
    res = instance.__dict__[self.name] = self.func(instance)
                                         ~~~~~~~~~^^^^^^^^^^
  File "/usr/local/lib/python3.14/site-packages/django/core/paginator.py", line 189, in count
    return c()
  File "/usr/local/lib/python3.14/site-packages/django/db/models/query.py", line 610, in count
    return self.query.get_count(using=self.db)
           ~~~~~~~~~~~~~~~~~~~~^^^^^^^^^^^^^^^
  File "/usr/local/lib/python3.14/site-packages/django/db/models/sql/query.py", line 656, in get_count
    return obj.get_aggregation(using, {"__count": Count("*")})["__count"]
           ~~~~~~~~~~~~~~~~~~~^^^^^^^^^^^^^^^^^^^^^^^^^^^^^^^^
  File "/usr/local/lib/python3.14/site-packages/django/db/models/sql/query.py", line 638, in get_aggregation
    result = compiler.execute_sql(SINGLE)
  File "/usr/local/lib/python3.14/site-packages/django/db/models/sql/compiler.py", line 1624, in execute_sql
    cursor.execute(sql, params)
    ~~~~~~~~~~~~~~^^^^^^^^^^^^^
  File "/usr/local/lib/python3.14/site-packages/debug_toolbar/panels/sql/tracking.py", line 243, in execute
    return self._record(super().execute, sql, params)
           ~~~~~~~~~~~~^^^^^^^^^^^^^^^^^^^^^^^^^^^^^^
  File "/usr/local/lib/python3.14/site-packages/debug_toolbar/panels/sql/tracking.py", line 164, in _record
    return method(sql, params)
  File "/usr/local/lib/python3.14/site-packages/django/db/backends/utils.py", line 122, in execute
    return super().execute(sql, params)
           ~~~~~~~~~~~~~~~^^^^^^^^^^^^^
  File "/usr/local/lib/python3.14/site-packages/django/db/backends/utils.py", line 79, in execute
    return self._execute_with_wrappers(
           ~~~~~~~~~~~~~~~~~~~~~~~~~~~^
        sql, params, many=False, executor=self._execute
        ^^^^^^^^^^^^^^^^^^^^^^^^^^^^^^^^^^^^^^^^^^^^^^^
    )
    ^
  File "/usr/local/lib/python3.14/site-packages/django/db/backends/utils.py", line 92, in _execute_with_wrappers
    return executor(sql, params, many, context)
  File "/usr/local/lib/python3.14/site-packages/django/db/backends/utils.py", line 100, in _execute
    with self.db.wrap_database_errors:
         ^^^^^^^^^^^^^^^^^^^^^^^^^^^^
  File "/usr/local/lib/python3.14/site-packages/django/db/utils.py", line 94, in __exit__
    raise dj_exc_value.with_traceback(traceback) from exc_value
  File "/usr/local/lib/python3.14/site-packages/django/db/backends/utils.py", line 105, in _execute
    return self.cursor.execute(sql, params)
           ~~~~~~~~~~~~~~~~~~~^^^^^^^^^^^^^
  File "/usr/local/lib/python3.14/site-packages/psycopg/cursor.py", line 117, in execute
    raise ex.with_traceback(None)
django.db.utils.ProgrammingError: relation "shop_book" does not exist
LINE 1: SELECT COUNT(*) AS "__count" FROM "shop_book"
                                          ^
INFO 2026-06-12 11:37:50,855 middleware ⬅️ Response: GET / Status: 500 Time: 0.0387s
ERROR 2026-06-12 11:37:50,891 log "GET / HTTP/1.1" 500 193714
INFO 2026-06-12 11:37:50,893 basehttp - Broken pipe from ('127.0.0.1', 47528)
INFO 2026-06-12 11:38:10,941 middleware ➡️ Request: GET /
ERROR 2026-06-12 11:38:10,974 log Internal Server Error: /
Traceback (most recent call last):
  File "/usr/local/lib/python3.14/site-packages/django/db/backends/utils.py", line 105, in _execute
    return self.cursor.execute(sql, params)
           ~~~~~~~~~~~~~~~~~~~^^^^^^^^^^^^^
  File "/usr/local/lib/python3.14/site-packages/psycopg/cursor.py", line 117, in execute
    raise ex.with_traceback(None)
psycopg.errors.UndefinedTable: relation "shop_book" does not exist
LINE 1: SELECT COUNT(*) AS "__count" FROM "shop_book"
                                          ^

The above exception was the direct cause of the following exception:

Traceback (most recent call last):
  File "/usr/local/lib/python3.14/site-packages/django/core/handlers/exception.py", line 55, in inner
    response = get_response(request)
  File "/usr/local/lib/python3.14/site-packages/django/core/handlers/base.py", line 198, in _get_response
    response = wrapped_callback(request, *callback_args, **callback_kwargs)
  File "/usr/local/lib/python3.14/site-packages/django/views/generic/base.py", line 106, in view
    return self.dispatch(request, *args, **kwargs)
           ~~~~~~~~~~~~~^^^^^^^^^^^^^^^^^^^^^^^^^^
  File "/usr/local/lib/python3.14/site-packages/django/views/generic/base.py", line 145, in dispatch
    return handler(request, *args, **kwargs)
  File "/usr/local/lib/python3.14/site-packages/django/views/generic/list.py", line 178, in get
    context = self.get_context_data()
  File "/usr/local/lib/python3.14/site-packages/django/views/generic/list.py", line 128, in get_context_data
    paginator, page, queryset, is_paginated = self.paginate_queryset(
                                              ~~~~~~~~~~~~~~~~~~~~~~^
        queryset, page_size
        ^^^^^^^^^^^^^^^^^^^
    )
    ^
  File "/usr/local/lib/python3.14/site-packages/django/views/generic/list.py", line 73, in paginate_queryset
    page = paginator.page(page_number)
  File "/usr/local/lib/python3.14/site-packages/django/core/paginator.py", line 177, in page
    number = self.validate_number(number)
  File "/usr/local/lib/python3.14/site-packages/django/core/paginator.py", line 160, in validate_number
    return self._validate_number(number, self.num_pages)
                                         ^^^^^^^^^^^^^^
  File "/usr/local/lib/python3.14/site-packages/django/utils/functional.py", line 47, in __get__
    res = instance.__dict__[self.name] = self.func(instance)
                                         ~~~~~~~~~^^^^^^^^^^
  File "/usr/local/lib/python3.14/site-packages/django/core/paginator.py", line 195, in num_pages
    if self.count == 0 and not self.allow_empty_first_page:
       ^^^^^^^^^^
  File "/usr/local/lib/python3.14/site-packages/django/utils/functional.py", line 47, in __get__
    res = instance.__dict__[self.name] = self.func(instance)
                                         ~~~~~~~~~^^^^^^^^^^
  File "/usr/local/lib/python3.14/site-packages/django/core/paginator.py", line 189, in count
    return c()
  File "/usr/local/lib/python3.14/site-packages/django/db/models/query.py", line 610, in count
    return self.query.get_count(using=self.db)
           ~~~~~~~~~~~~~~~~~~~~^^^^^^^^^^^^^^^
  File "/usr/local/lib/python3.14/site-packages/django/db/models/sql/query.py", line 656, in get_count
    return obj.get_aggregation(using, {"__count": Count("*")})["__count"]
           ~~~~~~~~~~~~~~~~~~~^^^^^^^^^^^^^^^^^^^^^^^^^^^^^^^^
  File "/usr/local/lib/python3.14/site-packages/django/db/models/sql/query.py", line 638, in get_aggregation
    result = compiler.execute_sql(SINGLE)
  File "/usr/local/lib/python3.14/site-packages/django/db/models/sql/compiler.py", line 1624, in execute_sql
    cursor.execute(sql, params)
    ~~~~~~~~~~~~~~^^^^^^^^^^^^^
  File "/usr/local/lib/python3.14/site-packages/debug_toolbar/panels/sql/tracking.py", line 243, in execute
    return self._record(super().execute, sql, params)
           ~~~~~~~~~~~~^^^^^^^^^^^^^^^^^^^^^^^^^^^^^^
  File "/usr/local/lib/python3.14/site-packages/debug_toolbar/panels/sql/tracking.py", line 164, in _record
    return method(sql, params)
  File "/usr/local/lib/python3.14/site-packages/django/db/backends/utils.py", line 122, in execute
    return super().execute(sql, params)
           ~~~~~~~~~~~~~~~^^^^^^^^^^^^^
  File "/usr/local/lib/python3.14/site-packages/django/db/backends/utils.py", line 79, in execute
    return self._execute_with_wrappers(
           ~~~~~~~~~~~~~~~~~~~~~~~~~~~^
        sql, params, many=False, executor=self._execute
        ^^^^^^^^^^^^^^^^^^^^^^^^^^^^^^^^^^^^^^^^^^^^^^^
    )
    ^
  File "/usr/local/lib/python3.14/site-packages/django/db/backends/utils.py", line 92, in _execute_with_wrappers
    return executor(sql, params, many, context)
  File "/usr/local/lib/python3.14/site-packages/django/db/backends/utils.py", line 100, in _execute
    with self.db.wrap_database_errors:
         ^^^^^^^^^^^^^^^^^^^^^^^^^^^^
  File "/usr/local/lib/python3.14/site-packages/django/db/utils.py", line 94, in __exit__
    raise dj_exc_value.with_traceback(traceback) from exc_value
  File "/usr/local/lib/python3.14/site-packages/django/db/backends/utils.py", line 105, in _execute
    return self.cursor.execute(sql, params)
           ~~~~~~~~~~~~~~~~~~~^^^^^^^^^^^^^
  File "/usr/local/lib/python3.14/site-packages/psycopg/cursor.py", line 117, in execute
    raise ex.with_traceback(None)
django.db.utils.ProgrammingError: relation "shop_book" does not exist
LINE 1: SELECT COUNT(*) AS "__count" FROM "shop_book"
                                          ^
INFO 2026-06-12 11:38:10,979 middleware ⬅️ Response: GET / Status: 500 Time: 0.038s
ERROR 2026-06-12 11:38:11,015 log "GET / HTTP/1.1" 500 193711
INFO 2026-06-12 11:38:11,019 basehttp - Broken pipe from ('127.0.0.1', 56184)
INFO 2026-06-12 11:38:31,067 middleware ➡️ Request: GET /
ERROR 2026-06-12 11:38:31,103 log Internal Server Error: /
Traceback (most recent call last):
  File "/usr/local/lib/python3.14/site-packages/django/db/backends/utils.py", line 105, in _execute
    return self.cursor.execute(sql, params)
           ~~~~~~~~~~~~~~~~~~~^^^^^^^^^^^^^
  File "/usr/local/lib/python3.14/site-packages/psycopg/cursor.py", line 117, in execute
    raise ex.with_traceback(None)
psycopg.errors.UndefinedTable: relation "shop_book" does not exist
LINE 1: SELECT COUNT(*) AS "__count" FROM "shop_book"
                                          ^

The above exception was the direct cause of the following exception:

Traceback (most recent call last):
  File "/usr/local/lib/python3.14/site-packages/django/core/handlers/exception.py", line 55, in inner
    response = get_response(request)
  File "/usr/local/lib/python3.14/site-packages/django/core/handlers/base.py", line 198, in _get_response
    response = wrapped_callback(request, *callback_args, **callback_kwargs)
  File "/usr/local/lib/python3.14/site-packages/django/views/generic/base.py", line 106, in view
    return self.dispatch(request, *args, **kwargs)
           ~~~~~~~~~~~~~^^^^^^^^^^^^^^^^^^^^^^^^^^
  File "/usr/local/lib/python3.14/site-packages/django/views/generic/base.py", line 145, in dispatch
    return handler(request, *args, **kwargs)
  File "/usr/local/lib/python3.14/site-packages/django/views/generic/list.py", line 178, in get
    context = self.get_context_data()
  File "/usr/local/lib/python3.14/site-packages/django/views/generic/list.py", line 128, in get_context_data
    paginator, page, queryset, is_paginated = self.paginate_queryset(
                                              ~~~~~~~~~~~~~~~~~~~~~~^
        queryset, page_size
        ^^^^^^^^^^^^^^^^^^^
    )
    ^
  File "/usr/local/lib/python3.14/site-packages/django/views/generic/list.py", line 73, in paginate_queryset
    page = paginator.page(page_number)
  File "/usr/local/lib/python3.14/site-packages/django/core/paginator.py", line 177, in page
    number = self.validate_number(number)
  File "/usr/local/lib/python3.14/site-packages/django/core/paginator.py", line 160, in validate_number
    return self._validate_number(number, self.num_pages)
                                         ^^^^^^^^^^^^^^
  File "/usr/local/lib/python3.14/site-packages/django/utils/functional.py", line 47, in __get__
    res = instance.__dict__[self.name] = self.func(instance)
                                         ~~~~~~~~~^^^^^^^^^^
  File "/usr/local/lib/python3.14/site-packages/django/core/paginator.py", line 195, in num_pages
    if self.count == 0 and not self.allow_empty_first_page:
       ^^^^^^^^^^
  File "/usr/local/lib/python3.14/site-packages/django/utils/functional.py", line 47, in __get__
    res = instance.__dict__[self.name] = self.func(instance)
                                         ~~~~~~~~~^^^^^^^^^^
  File "/usr/local/lib/python3.14/site-packages/django/core/paginator.py", line 189, in count
    return c()
  File "/usr/local/lib/python3.14/site-packages/django/db/models/query.py", line 610, in count
    return self.query.get_count(using=self.db)
           ~~~~~~~~~~~~~~~~~~~~^^^^^^^^^^^^^^^
  File "/usr/local/lib/python3.14/site-packages/django/db/models/sql/query.py", line 656, in get_count
    return obj.get_aggregation(using, {"__count": Count("*")})["__count"]
           ~~~~~~~~~~~~~~~~~~~^^^^^^^^^^^^^^^^^^^^^^^^^^^^^^^^
  File "/usr/local/lib/python3.14/site-packages/django/db/models/sql/query.py", line 638, in get_aggregation
    result = compiler.execute_sql(SINGLE)
  File "/usr/local/lib/python3.14/site-packages/django/db/models/sql/compiler.py", line 1624, in execute_sql
    cursor.execute(sql, params)
    ~~~~~~~~~~~~~~^^^^^^^^^^^^^
  File "/usr/local/lib/python3.14/site-packages/debug_toolbar/panels/sql/tracking.py", line 243, in execute
    return self._record(super().execute, sql, params)
           ~~~~~~~~~~~~^^^^^^^^^^^^^^^^^^^^^^^^^^^^^^
  File "/usr/local/lib/python3.14/site-packages/debug_toolbar/panels/sql/tracking.py", line 164, in _record
    return method(sql, params)
  File "/usr/local/lib/python3.14/site-packages/django/db/backends/utils.py", line 122, in execute
    return super().execute(sql, params)
           ~~~~~~~~~~~~~~~^^^^^^^^^^^^^
  File "/usr/local/lib/python3.14/site-packages/django/db/backends/utils.py", line 79, in execute
    return self._execute_with_wrappers(
           ~~~~~~~~~~~~~~~~~~~~~~~~~~~^
        sql, params, many=False, executor=self._execute
        ^^^^^^^^^^^^^^^^^^^^^^^^^^^^^^^^^^^^^^^^^^^^^^^
    )
    ^
  File "/usr/local/lib/python3.14/site-packages/django/db/backends/utils.py", line 92, in _execute_with_wrappers
    return executor(sql, params, many, context)
  File "/usr/local/lib/python3.14/site-packages/django/db/backends/utils.py", line 100, in _execute
    with self.db.wrap_database_errors:
         ^^^^^^^^^^^^^^^^^^^^^^^^^^^^
  File "/usr/local/lib/python3.14/site-packages/django/db/utils.py", line 94, in __exit__
    raise dj_exc_value.with_traceback(traceback) from exc_value
  File "/usr/local/lib/python3.14/site-packages/django/db/backends/utils.py", line 105, in _execute
    return self.cursor.execute(sql, params)
           ~~~~~~~~~~~~~~~~~~~^^^^^^^^^^^^^
  File "/usr/local/lib/python3.14/site-packages/psycopg/cursor.py", line 117, in execute
    raise ex.with_traceback(None)
django.db.utils.ProgrammingError: relation "shop_book" does not exist
LINE 1: SELECT COUNT(*) AS "__count" FROM "shop_book"
                                          ^
INFO 2026-06-12 11:38:31,110 middleware ⬅️ Response: GET / Status: 500 Time: 0.0435s
ERROR 2026-06-12 11:38:31,144 log "GET / HTTP/1.1" 500 193714
INFO 2026-06-12 11:38:31,146 basehttp - Broken pipe from ('127.0.0.1', 52114)
INFO 2026-06-12 11:38:51,192 middleware ➡️ Request: GET /
ERROR 2026-06-12 11:38:51,235 log Internal Server Error: /
Traceback (most recent call last):
  File "/usr/local/lib/python3.14/site-packages/django/db/backends/utils.py", line 105, in _execute
    return self.cursor.execute(sql, params)
           ~~~~~~~~~~~~~~~~~~~^^^^^^^^^^^^^
  File "/usr/local/lib/python3.14/site-packages/psycopg/cursor.py", line 117, in execute
    raise ex.with_traceback(None)
psycopg.errors.UndefinedTable: relation "shop_book" does not exist
LINE 1: SELECT COUNT(*) AS "__count" FROM "shop_book"
                                          ^

The above exception was the direct cause of the following exception:

Traceback (most recent call last):
  File "/usr/local/lib/python3.14/site-packages/django/core/handlers/exception.py", line 55, in inner
    response = get_response(request)
  File "/usr/local/lib/python3.14/site-packages/django/core/handlers/base.py", line 198, in _get_response
    response = wrapped_callback(request, *callback_args, **callback_kwargs)
  File "/usr/local/lib/python3.14/site-packages/django/views/generic/base.py", line 106, in view
    return self.dispatch(request, *args, **kwargs)
           ~~~~~~~~~~~~~^^^^^^^^^^^^^^^^^^^^^^^^^^
  File "/usr/local/lib/python3.14/site-packages/django/views/generic/base.py", line 145, in dispatch
    return handler(request, *args, **kwargs)
  File "/usr/local/lib/python3.14/site-packages/django/views/generic/list.py", line 178, in get
    context = self.get_context_data()
  File "/usr/local/lib/python3.14/site-packages/django/views/generic/list.py", line 128, in get_context_data
    paginator, page, queryset, is_paginated = self.paginate_queryset(
                                              ~~~~~~~~~~~~~~~~~~~~~~^
        queryset, page_size
        ^^^^^^^^^^^^^^^^^^^
    )
    ^
  File "/usr/local/lib/python3.14/site-packages/django/views/generic/list.py", line 73, in paginate_queryset
    page = paginator.page(page_number)
  File "/usr/local/lib/python3.14/site-packages/django/core/paginator.py", line 177, in page
    number = self.validate_number(number)
  File "/usr/local/lib/python3.14/site-packages/django/core/paginator.py", line 160, in validate_number
    return self._validate_number(number, self.num_pages)
                                         ^^^^^^^^^^^^^^
  File "/usr/local/lib/python3.14/site-packages/django/utils/functional.py", line 47, in __get__
    res = instance.__dict__[self.name] = self.func(instance)
                                         ~~~~~~~~~^^^^^^^^^^
  File "/usr/local/lib/python3.14/site-packages/django/core/paginator.py", line 195, in num_pages
    if self.count == 0 and not self.allow_empty_first_page:
       ^^^^^^^^^^
  File "/usr/local/lib/python3.14/site-packages/django/utils/functional.py", line 47, in __get__
    res = instance.__dict__[self.name] = self.func(instance)
                                         ~~~~~~~~~^^^^^^^^^^
  File "/usr/local/lib/python3.14/site-packages/django/core/paginator.py", line 189, in count
    return c()
  File "/usr/local/lib/python3.14/site-packages/django/db/models/query.py", line 610, in count
    return self.query.get_count(using=self.db)
           ~~~~~~~~~~~~~~~~~~~~^^^^^^^^^^^^^^^
  File "/usr/local/lib/python3.14/site-packages/django/db/models/sql/query.py", line 656, in get_count
    return obj.get_aggregation(using, {"__count": Count("*")})["__count"]
           ~~~~~~~~~~~~~~~~~~~^^^^^^^^^^^^^^^^^^^^^^^^^^^^^^^^
  File "/usr/local/lib/python3.14/site-packages/django/db/models/sql/query.py", line 638, in get_aggregation
    result = compiler.execute_sql(SINGLE)
  File "/usr/local/lib/python3.14/site-packages/django/db/models/sql/compiler.py", line 1624, in execute_sql
    cursor.execute(sql, params)
    ~~~~~~~~~~~~~~^^^^^^^^^^^^^
  File "/usr/local/lib/python3.14/site-packages/debug_toolbar/panels/sql/tracking.py", line 243, in execute
    return self._record(super().execute, sql, params)
           ~~~~~~~~~~~~^^^^^^^^^^^^^^^^^^^^^^^^^^^^^^
  File "/usr/local/lib/python3.14/site-packages/debug_toolbar/panels/sql/tracking.py", line 164, in _record
    return method(sql, params)
  File "/usr/local/lib/python3.14/site-packages/django/db/backends/utils.py", line 122, in execute
    return super().execute(sql, params)
           ~~~~~~~~~~~~~~~^^^^^^^^^^^^^
  File "/usr/local/lib/python3.14/site-packages/django/db/backends/utils.py", line 79, in execute
    return self._execute_with_wrappers(
           ~~~~~~~~~~~~~~~~~~~~~~~~~~~^
        sql, params, many=False, executor=self._execute
        ^^^^^^^^^^^^^^^^^^^^^^^^^^^^^^^^^^^^^^^^^^^^^^^
    )
    ^
  File "/usr/local/lib/python3.14/site-packages/django/db/backends/utils.py", line 92, in _execute_with_wrappers
    return executor(sql, params, many, context)
  File "/usr/local/lib/python3.14/site-packages/django/db/backends/utils.py", line 100, in _execute
    with self.db.wrap_database_errors:
         ^^^^^^^^^^^^^^^^^^^^^^^^^^^^
  File "/usr/local/lib/python3.14/site-packages/django/db/utils.py", line 94, in __exit__
    raise dj_exc_value.with_traceback(traceback) from exc_value
  File "/usr/local/lib/python3.14/site-packages/django/db/backends/utils.py", line 105, in _execute
    return self.cursor.execute(sql, params)
           ~~~~~~~~~~~~~~~~~~~^^^^^^^^^^^^^
  File "/usr/local/lib/python3.14/site-packages/psycopg/cursor.py", line 117, in execute
    raise ex.with_traceback(None)
django.db.utils.ProgrammingError: relation "shop_book" does not exist
LINE 1: SELECT COUNT(*) AS "__count" FROM "shop_book"
                                          ^
INFO 2026-06-12 11:38:51,244 middleware ⬅️ Response: GET / Status: 500 Time: 0.0518s
ERROR 2026-06-12 11:38:51,284 log "GET / HTTP/1.1" 500 193716
INFO 2026-06-12 11:38:51,287 basehttp - Broken pipe from ('127.0.0.1', 57272)
INFO 2026-06-12 11:39:11,336 middleware ➡️ Request: GET /
ERROR 2026-06-12 11:39:11,378 log Internal Server Error: /
Traceback (most recent call last):
  File "/usr/local/lib/python3.14/site-packages/django/db/backends/utils.py", line 105, in _execute
    return self.cursor.execute(sql, params)
           ~~~~~~~~~~~~~~~~~~~^^^^^^^^^^^^^
  File "/usr/local/lib/python3.14/site-packages/psycopg/cursor.py", line 117, in execute
    raise ex.with_traceback(None)
psycopg.errors.UndefinedTable: relation "shop_book" does not exist
LINE 1: SELECT COUNT(*) AS "__count" FROM "shop_book"
                                          ^

The above exception was the direct cause of the following exception:

Traceback (most recent call last):
  File "/usr/local/lib/python3.14/site-packages/django/core/handlers/exception.py", line 55, in inner
    response = get_response(request)
  File "/usr/local/lib/python3.14/site-packages/django/core/handlers/base.py", line 198, in _get_response
    response = wrapped_callback(request, *callback_args, **callback_kwargs)
  File "/usr/local/lib/python3.14/site-packages/django/views/generic/base.py", line 106, in view
    return self.dispatch(request, *args, **kwargs)
           ~~~~~~~~~~~~~^^^^^^^^^^^^^^^^^^^^^^^^^^
  File "/usr/local/lib/python3.14/site-packages/django/views/generic/base.py", line 145, in dispatch
    return handler(request, *args, **kwargs)
  File "/usr/local/lib/python3.14/site-packages/django/views/generic/list.py", line 178, in get
    context = self.get_context_data()
  File "/usr/local/lib/python3.14/site-packages/django/views/generic/list.py", line 128, in get_context_data
    paginator, page, queryset, is_paginated = self.paginate_queryset(
                                              ~~~~~~~~~~~~~~~~~~~~~~^
        queryset, page_size
        ^^^^^^^^^^^^^^^^^^^
    )
    ^
  File "/usr/local/lib/python3.14/site-packages/django/views/generic/list.py", line 73, in paginate_queryset
    page = paginator.page(page_number)
  File "/usr/local/lib/python3.14/site-packages/django/core/paginator.py", line 177, in page
    number = self.validate_number(number)
  File "/usr/local/lib/python3.14/site-packages/django/core/paginator.py", line 160, in validate_number
    return self._validate_number(number, self.num_pages)
                                         ^^^^^^^^^^^^^^
  File "/usr/local/lib/python3.14/site-packages/django/utils/functional.py", line 47, in __get__
    res = instance.__dict__[self.name] = self.func(instance)
                                         ~~~~~~~~~^^^^^^^^^^
  File "/usr/local/lib/python3.14/site-packages/django/core/paginator.py", line 195, in num_pages
    if self.count == 0 and not self.allow_empty_first_page:
       ^^^^^^^^^^
  File "/usr/local/lib/python3.14/site-packages/django/utils/functional.py", line 47, in __get__
    res = instance.__dict__[self.name] = self.func(instance)
                                         ~~~~~~~~~^^^^^^^^^^
  File "/usr/local/lib/python3.14/site-packages/django/core/paginator.py", line 189, in count
    return c()
  File "/usr/local/lib/python3.14/site-packages/django/db/models/query.py", line 610, in count
    return self.query.get_count(using=self.db)
           ~~~~~~~~~~~~~~~~~~~~^^^^^^^^^^^^^^^
  File "/usr/local/lib/python3.14/site-packages/django/db/models/sql/query.py", line 656, in get_count
    return obj.get_aggregation(using, {"__count": Count("*")})["__count"]
           ~~~~~~~~~~~~~~~~~~~^^^^^^^^^^^^^^^^^^^^^^^^^^^^^^^^
  File "/usr/local/lib/python3.14/site-packages/django/db/models/sql/query.py", line 638, in get_aggregation
    result = compiler.execute_sql(SINGLE)
  File "/usr/local/lib/python3.14/site-packages/django/db/models/sql/compiler.py", line 1624, in execute_sql
    cursor.execute(sql, params)
    ~~~~~~~~~~~~~~^^^^^^^^^^^^^
  File "/usr/local/lib/python3.14/site-packages/debug_toolbar/panels/sql/tracking.py", line 243, in execute
    return self._record(super().execute, sql, params)
           ~~~~~~~~~~~~^^^^^^^^^^^^^^^^^^^^^^^^^^^^^^
  File "/usr/local/lib/python3.14/site-packages/debug_toolbar/panels/sql/tracking.py", line 164, in _record
    return method(sql, params)
  File "/usr/local/lib/python3.14/site-packages/django/db/backends/utils.py", line 122, in execute
    return super().execute(sql, params)
           ~~~~~~~~~~~~~~~^^^^^^^^^^^^^
  File "/usr/local/lib/python3.14/site-packages/django/db/backends/utils.py", line 79, in execute
    return self._execute_with_wrappers(
           ~~~~~~~~~~~~~~~~~~~~~~~~~~~^
        sql, params, many=False, executor=self._execute
        ^^^^^^^^^^^^^^^^^^^^^^^^^^^^^^^^^^^^^^^^^^^^^^^
    )
    ^
  File "/usr/local/lib/python3.14/site-packages/django/db/backends/utils.py", line 92, in _execute_with_wrappers
    return executor(sql, params, many, context)
  File "/usr/local/lib/python3.14/site-packages/django/db/backends/utils.py", line 100, in _execute
    with self.db.wrap_database_errors:
         ^^^^^^^^^^^^^^^^^^^^^^^^^^^^
  File "/usr/local/lib/python3.14/site-packages/django/db/utils.py", line 94, in __exit__
    raise dj_exc_value.with_traceback(traceback) from exc_value
  File "/usr/local/lib/python3.14/site-packages/django/db/backends/utils.py", line 105, in _execute
    return self.cursor.execute(sql, params)
           ~~~~~~~~~~~~~~~~~~~^^^^^^^^^^^^^
  File "/usr/local/lib/python3.14/site-packages/psycopg/cursor.py", line 117, in execute
    raise ex.with_traceback(None)
django.db.utils.ProgrammingError: relation "shop_book" does not exist
LINE 1: SELECT COUNT(*) AS "__count" FROM "shop_book"
                                          ^
INFO 2026-06-12 11:39:11,386 middleware ⬅️ Response: GET / Status: 500 Time: 0.0495s
ERROR 2026-06-12 11:39:11,425 log "GET / HTTP/1.1" 500 193714
INFO 2026-06-12 11:39:11,428 basehttp - Broken pipe from ('127.0.0.1', 58658)
INFO 2026-06-12 11:39:31,491 middleware ➡️ Request: GET /
ERROR 2026-06-12 11:39:31,532 log Internal Server Error: /
Traceback (most recent call last):
  File "/usr/local/lib/python3.14/site-packages/django/db/backends/utils.py", line 105, in _execute
    return self.cursor.execute(sql, params)
           ~~~~~~~~~~~~~~~~~~~^^^^^^^^^^^^^
  File "/usr/local/lib/python3.14/site-packages/psycopg/cursor.py", line 117, in execute
    raise ex.with_traceback(None)
psycopg.errors.UndefinedTable: relation "shop_book" does not exist
LINE 1: SELECT COUNT(*) AS "__count" FROM "shop_book"
                                          ^

The above exception was the direct cause of the following exception:

Traceback (most recent call last):
  File "/usr/local/lib/python3.14/site-packages/django/core/handlers/exception.py", line 55, in inner
    response = get_response(request)
  File "/usr/local/lib/python3.14/site-packages/django/core/handlers/base.py", line 198, in _get_response
    response = wrapped_callback(request, *callback_args, **callback_kwargs)
  File "/usr/local/lib/python3.14/site-packages/django/views/generic/base.py", line 106, in view
    return self.dispatch(request, *args, **kwargs)
           ~~~~~~~~~~~~~^^^^^^^^^^^^^^^^^^^^^^^^^^
  File "/usr/local/lib/python3.14/site-packages/django/views/generic/base.py", line 145, in dispatch
    return handler(request, *args, **kwargs)
  File "/usr/local/lib/python3.14/site-packages/django/views/generic/list.py", line 178, in get
    context = self.get_context_data()
  File "/usr/local/lib/python3.14/site-packages/django/views/generic/list.py", line 128, in get_context_data
    paginator, page, queryset, is_paginated = self.paginate_queryset(
                                              ~~~~~~~~~~~~~~~~~~~~~~^
        queryset, page_size
        ^^^^^^^^^^^^^^^^^^^
    )
    ^
  File "/usr/local/lib/python3.14/site-packages/django/views/generic/list.py", line 73, in paginate_queryset
    page = paginator.page(page_number)
  File "/usr/local/lib/python3.14/site-packages/django/core/paginator.py", line 177, in page
    number = self.validate_number(number)
  File "/usr/local/lib/python3.14/site-packages/django/core/paginator.py", line 160, in validate_number
    return self._validate_number(number, self.num_pages)
                                         ^^^^^^^^^^^^^^
  File "/usr/local/lib/python3.14/site-packages/django/utils/functional.py", line 47, in __get__
    res = instance.__dict__[self.name] = self.func(instance)
                                         ~~~~~~~~~^^^^^^^^^^
  File "/usr/local/lib/python3.14/site-packages/django/core/paginator.py", line 195, in num_pages
    if self.count == 0 and not self.allow_empty_first_page:
       ^^^^^^^^^^
  File "/usr/local/lib/python3.14/site-packages/django/utils/functional.py", line 47, in __get__
    res = instance.__dict__[self.name] = self.func(instance)
                                         ~~~~~~~~~^^^^^^^^^^
  File "/usr/local/lib/python3.14/site-packages/django/core/paginator.py", line 189, in count
    return c()
  File "/usr/local/lib/python3.14/site-packages/django/db/models/query.py", line 610, in count
    return self.query.get_count(using=self.db)
           ~~~~~~~~~~~~~~~~~~~~^^^^^^^^^^^^^^^
  File "/usr/local/lib/python3.14/site-packages/django/db/models/sql/query.py", line 656, in get_count
    return obj.get_aggregation(using, {"__count": Count("*")})["__count"]
           ~~~~~~~~~~~~~~~~~~~^^^^^^^^^^^^^^^^^^^^^^^^^^^^^^^^
  File "/usr/local/lib/python3.14/site-packages/django/db/models/sql/query.py", line 638, in get_aggregation
    result = compiler.execute_sql(SINGLE)
  File "/usr/local/lib/python3.14/site-packages/django/db/models/sql/compiler.py", line 1624, in execute_sql
    cursor.execute(sql, params)
    ~~~~~~~~~~~~~~^^^^^^^^^^^^^
  File "/usr/local/lib/python3.14/site-packages/debug_toolbar/panels/sql/tracking.py", line 243, in execute
    return self._record(super().execute, sql, params)
           ~~~~~~~~~~~~^^^^^^^^^^^^^^^^^^^^^^^^^^^^^^
  File "/usr/local/lib/python3.14/site-packages/debug_toolbar/panels/sql/tracking.py", line 164, in _record
    return method(sql, params)
  File "/usr/local/lib/python3.14/site-packages/django/db/backends/utils.py", line 122, in execute
    return super().execute(sql, params)
           ~~~~~~~~~~~~~~~^^^^^^^^^^^^^
  File "/usr/local/lib/python3.14/site-packages/django/db/backends/utils.py", line 79, in execute
    return self._execute_with_wrappers(
           ~~~~~~~~~~~~~~~~~~~~~~~~~~~^
        sql, params, many=False, executor=self._execute
        ^^^^^^^^^^^^^^^^^^^^^^^^^^^^^^^^^^^^^^^^^^^^^^^
    )
    ^
  File "/usr/local/lib/python3.14/site-packages/django/db/backends/utils.py", line 92, in _execute_with_wrappers
    return executor(sql, params, many, context)
  File "/usr/local/lib/python3.14/site-packages/django/db/backends/utils.py", line 100, in _execute
    with self.db.wrap_database_errors:
         ^^^^^^^^^^^^^^^^^^^^^^^^^^^^
  File "/usr/local/lib/python3.14/site-packages/django/db/utils.py", line 94, in __exit__
    raise dj_exc_value.with_traceback(traceback) from exc_value
  File "/usr/local/lib/python3.14/site-packages/django/db/backends/utils.py", line 105, in _execute
    return self.cursor.execute(sql, params)
           ~~~~~~~~~~~~~~~~~~~^^^^^^^^^^^^^
  File "/usr/local/lib/python3.14/site-packages/psycopg/cursor.py", line 117, in execute
    raise ex.with_traceback(None)
django.db.utils.ProgrammingError: relation "shop_book" does not exist
LINE 1: SELECT COUNT(*) AS "__count" FROM "shop_book"
                                          ^
INFO 2026-06-12 11:39:31,539 middleware ⬅️ Response: GET / Status: 500 Time: 0.0477s
ERROR 2026-06-12 11:39:31,578 log "GET / HTTP/1.1" 500 193714
INFO 2026-06-12 11:39:31,580 basehttp - Broken pipe from ('127.0.0.1', 40666)
INFO 2026-06-12 11:39:51,625 middleware ➡️ Request: GET /
ERROR 2026-06-12 11:39:51,670 log Internal Server Error: /
Traceback (most recent call last):
  File "/usr/local/lib/python3.14/site-packages/django/db/backends/utils.py", line 105, in _execute
    return self.cursor.execute(sql, params)
           ~~~~~~~~~~~~~~~~~~~^^^^^^^^^^^^^
  File "/usr/local/lib/python3.14/site-packages/psycopg/cursor.py", line 117, in execute
    raise ex.with_traceback(None)
psycopg.errors.UndefinedTable: relation "shop_book" does not exist
LINE 1: SELECT COUNT(*) AS "__count" FROM "shop_book"
                                          ^

The above exception was the direct cause of the following exception:

Traceback (most recent call last):
  File "/usr/local/lib/python3.14/site-packages/django/core/handlers/exception.py", line 55, in inner
    response = get_response(request)
  File "/usr/local/lib/python3.14/site-packages/django/core/handlers/base.py", line 198, in _get_response
    response = wrapped_callback(request, *callback_args, **callback_kwargs)
  File "/usr/local/lib/python3.14/site-packages/django/views/generic/base.py", line 106, in view
    return self.dispatch(request, *args, **kwargs)
           ~~~~~~~~~~~~~^^^^^^^^^^^^^^^^^^^^^^^^^^
  File "/usr/local/lib/python3.14/site-packages/django/views/generic/base.py", line 145, in dispatch
    return handler(request, *args, **kwargs)
  File "/usr/local/lib/python3.14/site-packages/django/views/generic/list.py", line 178, in get
    context = self.get_context_data()
  File "/usr/local/lib/python3.14/site-packages/django/views/generic/list.py", line 128, in get_context_data
    paginator, page, queryset, is_paginated = self.paginate_queryset(
                                              ~~~~~~~~~~~~~~~~~~~~~~^
        queryset, page_size
        ^^^^^^^^^^^^^^^^^^^
    )
    ^
  File "/usr/local/lib/python3.14/site-packages/django/views/generic/list.py", line 73, in paginate_queryset
    page = paginator.page(page_number)
  File "/usr/local/lib/python3.14/site-packages/django/core/paginator.py", line 177, in page
    number = self.validate_number(number)
  File "/usr/local/lib/python3.14/site-packages/django/core/paginator.py", line 160, in validate_number
    return self._validate_number(number, self.num_pages)
                                         ^^^^^^^^^^^^^^
  File "/usr/local/lib/python3.14/site-packages/django/utils/functional.py", line 47, in __get__
    res = instance.__dict__[self.name] = self.func(instance)
                                         ~~~~~~~~~^^^^^^^^^^
  File "/usr/local/lib/python3.14/site-packages/django/core/paginator.py", line 195, in num_pages
    if self.count == 0 and not self.allow_empty_first_page:
       ^^^^^^^^^^
  File "/usr/local/lib/python3.14/site-packages/django/utils/functional.py", line 47, in __get__
    res = instance.__dict__[self.name] = self.func(instance)
                                         ~~~~~~~~~^^^^^^^^^^
  File "/usr/local/lib/python3.14/site-packages/django/core/paginator.py", line 189, in count
    return c()
  File "/usr/local/lib/python3.14/site-packages/django/db/models/query.py", line 610, in count
    return self.query.get_count(using=self.db)
           ~~~~~~~~~~~~~~~~~~~~^^^^^^^^^^^^^^^
  File "/usr/local/lib/python3.14/site-packages/django/db/models/sql/query.py", line 656, in get_count
    return obj.get_aggregation(using, {"__count": Count("*")})["__count"]
           ~~~~~~~~~~~~~~~~~~~^^^^^^^^^^^^^^^^^^^^^^^^^^^^^^^^
  File "/usr/local/lib/python3.14/site-packages/django/db/models/sql/query.py", line 638, in get_aggregation
    result = compiler.execute_sql(SINGLE)
  File "/usr/local/lib/python3.14/site-packages/django/db/models/sql/compiler.py", line 1624, in execute_sql
    cursor.execute(sql, params)
    ~~~~~~~~~~~~~~^^^^^^^^^^^^^
  File "/usr/local/lib/python3.14/site-packages/debug_toolbar/panels/sql/tracking.py", line 243, in execute
    return self._record(super().execute, sql, params)
           ~~~~~~~~~~~~^^^^^^^^^^^^^^^^^^^^^^^^^^^^^^
  File "/usr/local/lib/python3.14/site-packages/debug_toolbar/panels/sql/tracking.py", line 164, in _record
    return method(sql, params)
  File "/usr/local/lib/python3.14/site-packages/django/db/backends/utils.py", line 122, in execute
    return super().execute(sql, params)
           ~~~~~~~~~~~~~~~^^^^^^^^^^^^^
  File "/usr/local/lib/python3.14/site-packages/django/db/backends/utils.py", line 79, in execute
    return self._execute_with_wrappers(
           ~~~~~~~~~~~~~~~~~~~~~~~~~~~^
        sql, params, many=False, executor=self._execute
        ^^^^^^^^^^^^^^^^^^^^^^^^^^^^^^^^^^^^^^^^^^^^^^^
    )
    ^
  File "/usr/local/lib/python3.14/site-packages/django/db/backends/utils.py", line 92, in _execute_with_wrappers
    return executor(sql, params, many, context)
  File "/usr/local/lib/python3.14/site-packages/django/db/backends/utils.py", line 100, in _execute
    with self.db.wrap_database_errors:
         ^^^^^^^^^^^^^^^^^^^^^^^^^^^^
  File "/usr/local/lib/python3.14/site-packages/django/db/utils.py", line 94, in __exit__
    raise dj_exc_value.with_traceback(traceback) from exc_value
  File "/usr/local/lib/python3.14/site-packages/django/db/backends/utils.py", line 105, in _execute
    return self.cursor.execute(sql, params)
           ~~~~~~~~~~~~~~~~~~~^^^^^^^^^^^^^
  File "/usr/local/lib/python3.14/site-packages/psycopg/cursor.py", line 117, in execute
    raise ex.with_traceback(None)
django.db.utils.ProgrammingError: relation "shop_book" does not exist
LINE 1: SELECT COUNT(*) AS "__count" FROM "shop_book"
                                          ^
INFO 2026-06-12 11:39:51,676 middleware ⬅️ Response: GET / Status: 500 Time: 0.0518s
ERROR 2026-06-12 11:39:51,712 log "GET / HTTP/1.1" 500 193714
INFO 2026-06-12 11:39:51,714 basehttp - Broken pipe from ('127.0.0.1', 43794)
INFO 2026-06-12 11:40:11,766 middleware ➡️ Request: GET /
ERROR 2026-06-12 11:40:11,801 log Internal Server Error: /
Traceback (most recent call last):
  File "/usr/local/lib/python3.14/site-packages/django/db/backends/utils.py", line 105, in _execute
    return self.cursor.execute(sql, params)
           ~~~~~~~~~~~~~~~~~~~^^^^^^^^^^^^^
  File "/usr/local/lib/python3.14/site-packages/psycopg/cursor.py", line 117, in execute
    raise ex.with_traceback(None)
psycopg.errors.UndefinedTable: relation "shop_book" does not exist
LINE 1: SELECT COUNT(*) AS "__count" FROM "shop_book"
                                          ^

The above exception was the direct cause of the following exception:

Traceback (most recent call last):
  File "/usr/local/lib/python3.14/site-packages/django/core/handlers/exception.py", line 55, in inner
    response = get_response(request)
  File "/usr/local/lib/python3.14/site-packages/django/core/handlers/base.py", line 198, in _get_response
    response = wrapped_callback(request, *callback_args, **callback_kwargs)
  File "/usr/local/lib/python3.14/site-packages/django/views/generic/base.py", line 106, in view
    return self.dispatch(request, *args, **kwargs)
           ~~~~~~~~~~~~~^^^^^^^^^^^^^^^^^^^^^^^^^^
  File "/usr/local/lib/python3.14/site-packages/django/views/generic/base.py", line 145, in dispatch
    return handler(request, *args, **kwargs)
  File "/usr/local/lib/python3.14/site-packages/django/views/generic/list.py", line 178, in get
    context = self.get_context_data()
  File "/usr/local/lib/python3.14/site-packages/django/views/generic/list.py", line 128, in get_context_data
    paginator, page, queryset, is_paginated = self.paginate_queryset(
                                              ~~~~~~~~~~~~~~~~~~~~~~^
        queryset, page_size
        ^^^^^^^^^^^^^^^^^^^
    )
    ^
  File "/usr/local/lib/python3.14/site-packages/django/views/generic/list.py", line 73, in paginate_queryset
    page = paginator.page(page_number)
  File "/usr/local/lib/python3.14/site-packages/django/core/paginator.py", line 177, in page
    number = self.validate_number(number)
  File "/usr/local/lib/python3.14/site-packages/django/core/paginator.py", line 160, in validate_number
    return self._validate_number(number, self.num_pages)
                                         ^^^^^^^^^^^^^^
  File "/usr/local/lib/python3.14/site-packages/django/utils/functional.py", line 47, in __get__
    res = instance.__dict__[self.name] = self.func(instance)
                                         ~~~~~~~~~^^^^^^^^^^
  File "/usr/local/lib/python3.14/site-packages/django/core/paginator.py", line 195, in num_pages
    if self.count == 0 and not self.allow_empty_first_page:
       ^^^^^^^^^^
  File "/usr/local/lib/python3.14/site-packages/django/utils/functional.py", line 47, in __get__
    res = instance.__dict__[self.name] = self.func(instance)
                                         ~~~~~~~~~^^^^^^^^^^
  File "/usr/local/lib/python3.14/site-packages/django/core/paginator.py", line 189, in count
    return c()
  File "/usr/local/lib/python3.14/site-packages/django/db/models/query.py", line 610, in count
    return self.query.get_count(using=self.db)
           ~~~~~~~~~~~~~~~~~~~~^^^^^^^^^^^^^^^
  File "/usr/local/lib/python3.14/site-packages/django/db/models/sql/query.py", line 656, in get_count
    return obj.get_aggregation(using, {"__count": Count("*")})["__count"]
           ~~~~~~~~~~~~~~~~~~~^^^^^^^^^^^^^^^^^^^^^^^^^^^^^^^^
  File "/usr/local/lib/python3.14/site-packages/django/db/models/sql/query.py", line 638, in get_aggregation
    result = compiler.execute_sql(SINGLE)
  File "/usr/local/lib/python3.14/site-packages/django/db/models/sql/compiler.py", line 1624, in execute_sql
    cursor.execute(sql, params)
    ~~~~~~~~~~~~~~^^^^^^^^^^^^^
  File "/usr/local/lib/python3.14/site-packages/debug_toolbar/panels/sql/tracking.py", line 243, in execute
    return self._record(super().execute, sql, params)
           ~~~~~~~~~~~~^^^^^^^^^^^^^^^^^^^^^^^^^^^^^^
  File "/usr/local/lib/python3.14/site-packages/debug_toolbar/panels/sql/tracking.py", line 164, in _record
    return method(sql, params)
  File "/usr/local/lib/python3.14/site-packages/django/db/backends/utils.py", line 122, in execute
    return super().execute(sql, params)
           ~~~~~~~~~~~~~~~^^^^^^^^^^^^^
  File "/usr/local/lib/python3.14/site-packages/django/db/backends/utils.py", line 79, in execute
    return self._execute_with_wrappers(
           ~~~~~~~~~~~~~~~~~~~~~~~~~~~^
        sql, params, many=False, executor=self._execute
        ^^^^^^^^^^^^^^^^^^^^^^^^^^^^^^^^^^^^^^^^^^^^^^^
    )
    ^
  File "/usr/local/lib/python3.14/site-packages/django/db/backends/utils.py", line 92, in _execute_with_wrappers
    return executor(sql, params, many, context)
  File "/usr/local/lib/python3.14/site-packages/django/db/backends/utils.py", line 100, in _execute
    with self.db.wrap_database_errors:
         ^^^^^^^^^^^^^^^^^^^^^^^^^^^^
  File "/usr/local/lib/python3.14/site-packages/django/db/utils.py", line 94, in __exit__
    raise dj_exc_value.with_traceback(traceback) from exc_value
  File "/usr/local/lib/python3.14/site-packages/django/db/backends/utils.py", line 105, in _execute
    return self.cursor.execute(sql, params)
           ~~~~~~~~~~~~~~~~~~~^^^^^^^^^^^^^
  File "/usr/local/lib/python3.14/site-packages/psycopg/cursor.py", line 117, in execute
    raise ex.with_traceback(None)
django.db.utils.ProgrammingError: relation "shop_book" does not exist
LINE 1: SELECT COUNT(*) AS "__count" FROM "shop_book"
                                          ^
INFO 2026-06-12 11:40:11,806 middleware ⬅️ Response: GET / Status: 500 Time: 0.0395s
ERROR 2026-06-12 11:40:11,839 log "GET / HTTP/1.1" 500 193714
INFO 2026-06-12 11:40:11,843 basehttp - Broken pipe from ('127.0.0.1', 43080)
INFO 2026-06-12 11:40:31,889 middleware ➡️ Request: GET /
ERROR 2026-06-12 11:40:31,922 log Internal Server Error: /
Traceback (most recent call last):
  File "/usr/local/lib/python3.14/site-packages/django/db/backends/utils.py", line 105, in _execute
    return self.cursor.execute(sql, params)
           ~~~~~~~~~~~~~~~~~~~^^^^^^^^^^^^^
  File "/usr/local/lib/python3.14/site-packages/psycopg/cursor.py", line 117, in execute
    raise ex.with_traceback(None)
psycopg.errors.UndefinedTable: relation "shop_book" does not exist
LINE 1: SELECT COUNT(*) AS "__count" FROM "shop_book"
                                          ^

The above exception was the direct cause of the following exception:

Traceback (most recent call last):
  File "/usr/local/lib/python3.14/site-packages/django/core/handlers/exception.py", line 55, in inner
    response = get_response(request)
  File "/usr/local/lib/python3.14/site-packages/django/core/handlers/base.py", line 198, in _get_response
    response = wrapped_callback(request, *callback_args, **callback_kwargs)
  File "/usr/local/lib/python3.14/site-packages/django/views/generic/base.py", line 106, in view
    return self.dispatch(request, *args, **kwargs)
           ~~~~~~~~~~~~~^^^^^^^^^^^^^^^^^^^^^^^^^^
  File "/usr/local/lib/python3.14/site-packages/django/views/generic/base.py", line 145, in dispatch
    return handler(request, *args, **kwargs)
  File "/usr/local/lib/python3.14/site-packages/django/views/generic/list.py", line 178, in get
    context = self.get_context_data()
  File "/usr/local/lib/python3.14/site-packages/django/views/generic/list.py", line 128, in get_context_data
    paginator, page, queryset, is_paginated = self.paginate_queryset(
                                              ~~~~~~~~~~~~~~~~~~~~~~^
        queryset, page_size
        ^^^^^^^^^^^^^^^^^^^
    )
    ^
  File "/usr/local/lib/python3.14/site-packages/django/views/generic/list.py", line 73, in paginate_queryset
    page = paginator.page(page_number)
  File "/usr/local/lib/python3.14/site-packages/django/core/paginator.py", line 177, in page
    number = self.validate_number(number)
  File "/usr/local/lib/python3.14/site-packages/django/core/paginator.py", line 160, in validate_number
    return self._validate_number(number, self.num_pages)
                                         ^^^^^^^^^^^^^^
  File "/usr/local/lib/python3.14/site-packages/django/utils/functional.py", line 47, in __get__
    res = instance.__dict__[self.name] = self.func(instance)
                                         ~~~~~~~~~^^^^^^^^^^
  File "/usr/local/lib/python3.14/site-packages/django/core/paginator.py", line 195, in num_pages
    if self.count == 0 and not self.allow_empty_first_page:
       ^^^^^^^^^^
  File "/usr/local/lib/python3.14/site-packages/django/utils/functional.py", line 47, in __get__
    res = instance.__dict__[self.name] = self.func(instance)
                                         ~~~~~~~~~^^^^^^^^^^
  File "/usr/local/lib/python3.14/site-packages/django/core/paginator.py", line 189, in count
    return c()
  File "/usr/local/lib/python3.14/site-packages/django/db/models/query.py", line 610, in count
    return self.query.get_count(using=self.db)
           ~~~~~~~~~~~~~~~~~~~~^^^^^^^^^^^^^^^
  File "/usr/local/lib/python3.14/site-packages/django/db/models/sql/query.py", line 656, in get_count
    return obj.get_aggregation(using, {"__count": Count("*")})["__count"]
           ~~~~~~~~~~~~~~~~~~~^^^^^^^^^^^^^^^^^^^^^^^^^^^^^^^^
  File "/usr/local/lib/python3.14/site-packages/django/db/models/sql/query.py", line 638, in get_aggregation
    result = compiler.execute_sql(SINGLE)
  File "/usr/local/lib/python3.14/site-packages/django/db/models/sql/compiler.py", line 1624, in execute_sql
    cursor.execute(sql, params)
    ~~~~~~~~~~~~~~^^^^^^^^^^^^^
  File "/usr/local/lib/python3.14/site-packages/debug_toolbar/panels/sql/tracking.py", line 243, in execute
    return self._record(super().execute, sql, params)
           ~~~~~~~~~~~~^^^^^^^^^^^^^^^^^^^^^^^^^^^^^^
  File "/usr/local/lib/python3.14/site-packages/debug_toolbar/panels/sql/tracking.py", line 164, in _record
    return method(sql, params)
  File "/usr/local/lib/python3.14/site-packages/django/db/backends/utils.py", line 122, in execute
    return super().execute(sql, params)
           ~~~~~~~~~~~~~~~^^^^^^^^^^^^^
  File "/usr/local/lib/python3.14/site-packages/django/db/backends/utils.py", line 79, in execute
    return self._execute_with_wrappers(
           ~~~~~~~~~~~~~~~~~~~~~~~~~~~^
        sql, params, many=False, executor=self._execute
        ^^^^^^^^^^^^^^^^^^^^^^^^^^^^^^^^^^^^^^^^^^^^^^^
    )
    ^
  File "/usr/local/lib/python3.14/site-packages/django/db/backends/utils.py", line 92, in _execute_with_wrappers
    return executor(sql, params, many, context)
  File "/usr/local/lib/python3.14/site-packages/django/db/backends/utils.py", line 100, in _execute
    with self.db.wrap_database_errors:
         ^^^^^^^^^^^^^^^^^^^^^^^^^^^^
  File "/usr/local/lib/python3.14/site-packages/django/db/utils.py", line 94, in __exit__
    raise dj_exc_value.with_traceback(traceback) from exc_value
  File "/usr/local/lib/python3.14/site-packages/django/db/backends/utils.py", line 105, in _execute
    return self.cursor.execute(sql, params)
           ~~~~~~~~~~~~~~~~~~~^^^^^^^^^^^^^
  File "/usr/local/lib/python3.14/site-packages/psycopg/cursor.py", line 117, in execute
    raise ex.with_traceback(None)
django.db.utils.ProgrammingError: relation "shop_book" does not exist
LINE 1: SELECT COUNT(*) AS "__count" FROM "shop_book"
                                          ^
INFO 2026-06-12 11:40:31,931 middleware ⬅️ Response: GET / Status: 500 Time: 0.0425s
ERROR 2026-06-12 11:40:31,967 log "GET / HTTP/1.1" 500 193716
INFO 2026-06-12 11:40:31,971 basehttp - Broken pipe from ('127.0.0.1', 54384)
INFO 2026-06-12 11:40:52,024 middleware ➡️ Request: GET /
ERROR 2026-06-12 11:40:52,061 log Internal Server Error: /
Traceback (most recent call last):
  File "/usr/local/lib/python3.14/site-packages/django/db/backends/utils.py", line 105, in _execute
    return self.cursor.execute(sql, params)
           ~~~~~~~~~~~~~~~~~~~^^^^^^^^^^^^^
  File "/usr/local/lib/python3.14/site-packages/psycopg/cursor.py", line 117, in execute
    raise ex.with_traceback(None)
psycopg.errors.UndefinedTable: relation "shop_book" does not exist
LINE 1: SELECT COUNT(*) AS "__count" FROM "shop_book"
                                          ^

The above exception was the direct cause of the following exception:

Traceback (most recent call last):
  File "/usr/local/lib/python3.14/site-packages/django/core/handlers/exception.py", line 55, in inner
    response = get_response(request)
  File "/usr/local/lib/python3.14/site-packages/django/core/handlers/base.py", line 198, in _get_response
    response = wrapped_callback(request, *callback_args, **callback_kwargs)
  File "/usr/local/lib/python3.14/site-packages/django/views/generic/base.py", line 106, in view
    return self.dispatch(request, *args, **kwargs)
           ~~~~~~~~~~~~~^^^^^^^^^^^^^^^^^^^^^^^^^^
  File "/usr/local/lib/python3.14/site-packages/django/views/generic/base.py", line 145, in dispatch
    return handler(request, *args, **kwargs)
  File "/usr/local/lib/python3.14/site-packages/django/views/generic/list.py", line 178, in get
    context = self.get_context_data()
  File "/usr/local/lib/python3.14/site-packages/django/views/generic/list.py", line 128, in get_context_data
    paginator, page, queryset, is_paginated = self.paginate_queryset(
                                              ~~~~~~~~~~~~~~~~~~~~~~^
        queryset, page_size
        ^^^^^^^^^^^^^^^^^^^
    )
    ^
  File "/usr/local/lib/python3.14/site-packages/django/views/generic/list.py", line 73, in paginate_queryset
    page = paginator.page(page_number)
  File "/usr/local/lib/python3.14/site-packages/django/core/paginator.py", line 177, in page
    number = self.validate_number(number)
  File "/usr/local/lib/python3.14/site-packages/django/core/paginator.py", line 160, in validate_number
    return self._validate_number(number, self.num_pages)
                                         ^^^^^^^^^^^^^^
  File "/usr/local/lib/python3.14/site-packages/django/utils/functional.py", line 47, in __get__
    res = instance.__dict__[self.name] = self.func(instance)
                                         ~~~~~~~~~^^^^^^^^^^
  File "/usr/local/lib/python3.14/site-packages/django/core/paginator.py", line 195, in num_pages
    if self.count == 0 and not self.allow_empty_first_page:
       ^^^^^^^^^^
  File "/usr/local/lib/python3.14/site-packages/django/utils/functional.py", line 47, in __get__
    res = instance.__dict__[self.name] = self.func(instance)
                                         ~~~~~~~~~^^^^^^^^^^
  File "/usr/local/lib/python3.14/site-packages/django/core/paginator.py", line 189, in count
    return c()
  File "/usr/local/lib/python3.14/site-packages/django/db/models/query.py", line 610, in count
    return self.query.get_count(using=self.db)
           ~~~~~~~~~~~~~~~~~~~~^^^^^^^^^^^^^^^
  File "/usr/local/lib/python3.14/site-packages/django/db/models/sql/query.py", line 656, in get_count
    return obj.get_aggregation(using, {"__count": Count("*")})["__count"]
           ~~~~~~~~~~~~~~~~~~~^^^^^^^^^^^^^^^^^^^^^^^^^^^^^^^^
  File "/usr/local/lib/python3.14/site-packages/django/db/models/sql/query.py", line 638, in get_aggregation
    result = compiler.execute_sql(SINGLE)
  File "/usr/local/lib/python3.14/site-packages/django/db/models/sql/compiler.py", line 1624, in execute_sql
    cursor.execute(sql, params)
    ~~~~~~~~~~~~~~^^^^^^^^^^^^^
  File "/usr/local/lib/python3.14/site-packages/debug_toolbar/panels/sql/tracking.py", line 243, in execute
    return self._record(super().execute, sql, params)
           ~~~~~~~~~~~~^^^^^^^^^^^^^^^^^^^^^^^^^^^^^^
  File "/usr/local/lib/python3.14/site-packages/debug_toolbar/panels/sql/tracking.py", line 164, in _record
    return method(sql, params)
  File "/usr/local/lib/python3.14/site-packages/django/db/backends/utils.py", line 122, in execute
    return super().execute(sql, params)
           ~~~~~~~~~~~~~~~^^^^^^^^^^^^^
  File "/usr/local/lib/python3.14/site-packages/django/db/backends/utils.py", line 79, in execute
    return self._execute_with_wrappers(
           ~~~~~~~~~~~~~~~~~~~~~~~~~~~^
        sql, params, many=False, executor=self._execute
        ^^^^^^^^^^^^^^^^^^^^^^^^^^^^^^^^^^^^^^^^^^^^^^^
    )
    ^
  File "/usr/local/lib/python3.14/site-packages/django/db/backends/utils.py", line 92, in _execute_with_wrappers
    return executor(sql, params, many, context)
  File "/usr/local/lib/python3.14/site-packages/django/db/backends/utils.py", line 100, in _execute
    with self.db.wrap_database_errors:
         ^^^^^^^^^^^^^^^^^^^^^^^^^^^^
  File "/usr/local/lib/python3.14/site-packages/django/db/utils.py", line 94, in __exit__
    raise dj_exc_value.with_traceback(traceback) from exc_value
  File "/usr/local/lib/python3.14/site-packages/django/db/backends/utils.py", line 105, in _execute
    return self.cursor.execute(sql, params)
           ~~~~~~~~~~~~~~~~~~~^^^^^^^^^^^^^
  File "/usr/local/lib/python3.14/site-packages/psycopg/cursor.py", line 117, in execute
    raise ex.with_traceback(None)
django.db.utils.ProgrammingError: relation "shop_book" does not exist
LINE 1: SELECT COUNT(*) AS "__count" FROM "shop_book"
                                          ^
INFO 2026-06-12 11:40:52,067 middleware ⬅️ Response: GET / Status: 500 Time: 0.0421s
ERROR 2026-06-12 11:40:52,100 log "GET / HTTP/1.1" 500 193714
INFO 2026-06-12 11:40:52,102 basehttp - Broken pipe from ('127.0.0.1', 35144)
INFO 2026-06-12 11:41:12,151 middleware ➡️ Request: GET /
ERROR 2026-06-12 11:41:12,182 log Internal Server Error: /
Traceback (most recent call last):
  File "/usr/local/lib/python3.14/site-packages/django/db/backends/utils.py", line 105, in _execute
    return self.cursor.execute(sql, params)
           ~~~~~~~~~~~~~~~~~~~^^^^^^^^^^^^^
  File "/usr/local/lib/python3.14/site-packages/psycopg/cursor.py", line 117, in execute
    raise ex.with_traceback(None)
psycopg.errors.UndefinedTable: relation "shop_book" does not exist
LINE 1: SELECT COUNT(*) AS "__count" FROM "shop_book"
                                          ^

The above exception was the direct cause of the following exception:

Traceback (most recent call last):
  File "/usr/local/lib/python3.14/site-packages/django/core/handlers/exception.py", line 55, in inner
    response = get_response(request)
  File "/usr/local/lib/python3.14/site-packages/django/core/handlers/base.py", line 198, in _get_response
    response = wrapped_callback(request, *callback_args, **callback_kwargs)
  File "/usr/local/lib/python3.14/site-packages/django/views/generic/base.py", line 106, in view
    return self.dispatch(request, *args, **kwargs)
           ~~~~~~~~~~~~~^^^^^^^^^^^^^^^^^^^^^^^^^^
  File "/usr/local/lib/python3.14/site-packages/django/views/generic/base.py", line 145, in dispatch
    return handler(request, *args, **kwargs)
  File "/usr/local/lib/python3.14/site-packages/django/views/generic/list.py", line 178, in get
    context = self.get_context_data()
  File "/usr/local/lib/python3.14/site-packages/django/views/generic/list.py", line 128, in get_context_data
    paginator, page, queryset, is_paginated = self.paginate_queryset(
                                              ~~~~~~~~~~~~~~~~~~~~~~^
        queryset, page_size
        ^^^^^^^^^^^^^^^^^^^
    )
    ^
  File "/usr/local/lib/python3.14/site-packages/django/views/generic/list.py", line 73, in paginate_queryset
    page = paginator.page(page_number)
  File "/usr/local/lib/python3.14/site-packages/django/core/paginator.py", line 177, in page
    number = self.validate_number(number)
  File "/usr/local/lib/python3.14/site-packages/django/core/paginator.py", line 160, in validate_number
    return self._validate_number(number, self.num_pages)
                                         ^^^^^^^^^^^^^^
  File "/usr/local/lib/python3.14/site-packages/django/utils/functional.py", line 47, in __get__
    res = instance.__dict__[self.name] = self.func(instance)
                                         ~~~~~~~~~^^^^^^^^^^
  File "/usr/local/lib/python3.14/site-packages/django/core/paginator.py", line 195, in num_pages
    if self.count == 0 and not self.allow_empty_first_page:
       ^^^^^^^^^^
  File "/usr/local/lib/python3.14/site-packages/django/utils/functional.py", line 47, in __get__
    res = instance.__dict__[self.name] = self.func(instance)
                                         ~~~~~~~~~^^^^^^^^^^
  File "/usr/local/lib/python3.14/site-packages/django/core/paginator.py", line 189, in count
    return c()
  File "/usr/local/lib/python3.14/site-packages/django/db/models/query.py", line 610, in count
    return self.query.get_count(using=self.db)
           ~~~~~~~~~~~~~~~~~~~~^^^^^^^^^^^^^^^
  File "/usr/local/lib/python3.14/site-packages/django/db/models/sql/query.py", line 656, in get_count
    return obj.get_aggregation(using, {"__count": Count("*")})["__count"]
           ~~~~~~~~~~~~~~~~~~~^^^^^^^^^^^^^^^^^^^^^^^^^^^^^^^^
  File "/usr/local/lib/python3.14/site-packages/django/db/models/sql/query.py", line 638, in get_aggregation
    result = compiler.execute_sql(SINGLE)
  File "/usr/local/lib/python3.14/site-packages/django/db/models/sql/compiler.py", line 1624, in execute_sql
    cursor.execute(sql, params)
    ~~~~~~~~~~~~~~^^^^^^^^^^^^^
  File "/usr/local/lib/python3.14/site-packages/debug_toolbar/panels/sql/tracking.py", line 243, in execute
    return self._record(super().execute, sql, params)
           ~~~~~~~~~~~~^^^^^^^^^^^^^^^^^^^^^^^^^^^^^^
  File "/usr/local/lib/python3.14/site-packages/debug_toolbar/panels/sql/tracking.py", line 164, in _record
    return method(sql, params)
  File "/usr/local/lib/python3.14/site-packages/django/db/backends/utils.py", line 122, in execute
    return super().execute(sql, params)
           ~~~~~~~~~~~~~~~^^^^^^^^^^^^^
  File "/usr/local/lib/python3.14/site-packages/django/db/backends/utils.py", line 79, in execute
    return self._execute_with_wrappers(
           ~~~~~~~~~~~~~~~~~~~~~~~~~~~^
        sql, params, many=False, executor=self._execute
        ^^^^^^^^^^^^^^^^^^^^^^^^^^^^^^^^^^^^^^^^^^^^^^^
    )
    ^
  File "/usr/local/lib/python3.14/site-packages/django/db/backends/utils.py", line 92, in _execute_with_wrappers
    return executor(sql, params, many, context)
  File "/usr/local/lib/python3.14/site-packages/django/db/backends/utils.py", line 100, in _execute
    with self.db.wrap_database_errors:
         ^^^^^^^^^^^^^^^^^^^^^^^^^^^^
  File "/usr/local/lib/python3.14/site-packages/django/db/utils.py", line 94, in __exit__
    raise dj_exc_value.with_traceback(traceback) from exc_value
  File "/usr/local/lib/python3.14/site-packages/django/db/backends/utils.py", line 105, in _execute
    return self.cursor.execute(sql, params)
           ~~~~~~~~~~~~~~~~~~~^^^^^^^^^^^^^
  File "/usr/local/lib/python3.14/site-packages/psycopg/cursor.py", line 117, in execute
    raise ex.with_traceback(None)
django.db.utils.ProgrammingError: relation "shop_book" does not exist
LINE 1: SELECT COUNT(*) AS "__count" FROM "shop_book"
                                          ^
INFO 2026-06-12 11:41:12,189 middleware ⬅️ Response: GET / Status: 500 Time: 0.0384s
ERROR 2026-06-12 11:41:12,223 log "GET / HTTP/1.1" 500 193715
INFO 2026-06-12 11:41:12,226 basehttp - Broken pipe from ('127.0.0.1', 43248)
INFO 2026-06-12 11:41:32,276 middleware ➡️ Request: GET /
ERROR 2026-06-12 11:41:32,309 log Internal Server Error: /
Traceback (most recent call last):
  File "/usr/local/lib/python3.14/site-packages/django/db/backends/utils.py", line 105, in _execute
    return self.cursor.execute(sql, params)
           ~~~~~~~~~~~~~~~~~~~^^^^^^^^^^^^^
  File "/usr/local/lib/python3.14/site-packages/psycopg/cursor.py", line 117, in execute
    raise ex.with_traceback(None)
psycopg.errors.UndefinedTable: relation "shop_book" does not exist
LINE 1: SELECT COUNT(*) AS "__count" FROM "shop_book"
                                          ^

The above exception was the direct cause of the following exception:

Traceback (most recent call last):
  File "/usr/local/lib/python3.14/site-packages/django/core/handlers/exception.py", line 55, in inner
    response = get_response(request)
  File "/usr/local/lib/python3.14/site-packages/django/core/handlers/base.py", line 198, in _get_response
    response = wrapped_callback(request, *callback_args, **callback_kwargs)
  File "/usr/local/lib/python3.14/site-packages/django/views/generic/base.py", line 106, in view
    return self.dispatch(request, *args, **kwargs)
           ~~~~~~~~~~~~~^^^^^^^^^^^^^^^^^^^^^^^^^^
  File "/usr/local/lib/python3.14/site-packages/django/views/generic/base.py", line 145, in dispatch
    return handler(request, *args, **kwargs)
  File "/usr/local/lib/python3.14/site-packages/django/views/generic/list.py", line 178, in get
    context = self.get_context_data()
  File "/usr/local/lib/python3.14/site-packages/django/views/generic/list.py", line 128, in get_context_data
    paginator, page, queryset, is_paginated = self.paginate_queryset(
                                              ~~~~~~~~~~~~~~~~~~~~~~^
        queryset, page_size
        ^^^^^^^^^^^^^^^^^^^
    )
    ^
  File "/usr/local/lib/python3.14/site-packages/django/views/generic/list.py", line 73, in paginate_queryset
    page = paginator.page(page_number)
  File "/usr/local/lib/python3.14/site-packages/django/core/paginator.py", line 177, in page
    number = self.validate_number(number)
  File "/usr/local/lib/python3.14/site-packages/django/core/paginator.py", line 160, in validate_number
    return self._validate_number(number, self.num_pages)
                                         ^^^^^^^^^^^^^^
  File "/usr/local/lib/python3.14/site-packages/django/utils/functional.py", line 47, in __get__
    res = instance.__dict__[self.name] = self.func(instance)
                                         ~~~~~~~~~^^^^^^^^^^
  File "/usr/local/lib/python3.14/site-packages/django/core/paginator.py", line 195, in num_pages
    if self.count == 0 and not self.allow_empty_first_page:
       ^^^^^^^^^^
  File "/usr/local/lib/python3.14/site-packages/django/utils/functional.py", line 47, in __get__
    res = instance.__dict__[self.name] = self.func(instance)
                                         ~~~~~~~~~^^^^^^^^^^
  File "/usr/local/lib/python3.14/site-packages/django/core/paginator.py", line 189, in count
    return c()
  File "/usr/local/lib/python3.14/site-packages/django/db/models/query.py", line 610, in count
    return self.query.get_count(using=self.db)
           ~~~~~~~~~~~~~~~~~~~~^^^^^^^^^^^^^^^
  File "/usr/local/lib/python3.14/site-packages/django/db/models/sql/query.py", line 656, in get_count
    return obj.get_aggregation(using, {"__count": Count("*")})["__count"]
           ~~~~~~~~~~~~~~~~~~~^^^^^^^^^^^^^^^^^^^^^^^^^^^^^^^^
  File "/usr/local/lib/python3.14/site-packages/django/db/models/sql/query.py", line 638, in get_aggregation
    result = compiler.execute_sql(SINGLE)
  File "/usr/local/lib/python3.14/site-packages/django/db/models/sql/compiler.py", line 1624, in execute_sql
    cursor.execute(sql, params)
    ~~~~~~~~~~~~~~^^^^^^^^^^^^^
  File "/usr/local/lib/python3.14/site-packages/debug_toolbar/panels/sql/tracking.py", line 243, in execute
    return self._record(super().execute, sql, params)
           ~~~~~~~~~~~~^^^^^^^^^^^^^^^^^^^^^^^^^^^^^^
  File "/usr/local/lib/python3.14/site-packages/debug_toolbar/panels/sql/tracking.py", line 164, in _record
    return method(sql, params)
  File "/usr/local/lib/python3.14/site-packages/django/db/backends/utils.py", line 122, in execute
    return super().execute(sql, params)
           ~~~~~~~~~~~~~~~^^^^^^^^^^^^^
  File "/usr/local/lib/python3.14/site-packages/django/db/backends/utils.py", line 79, in execute
    return self._execute_with_wrappers(
           ~~~~~~~~~~~~~~~~~~~~~~~~~~~^
        sql, params, many=False, executor=self._execute
        ^^^^^^^^^^^^^^^^^^^^^^^^^^^^^^^^^^^^^^^^^^^^^^^
    )
    ^
  File "/usr/local/lib/python3.14/site-packages/django/db/backends/utils.py", line 92, in _execute_with_wrappers
    return executor(sql, params, many, context)
  File "/usr/local/lib/python3.14/site-packages/django/db/backends/utils.py", line 100, in _execute
    with self.db.wrap_database_errors:
         ^^^^^^^^^^^^^^^^^^^^^^^^^^^^
  File "/usr/local/lib/python3.14/site-packages/django/db/utils.py", line 94, in __exit__
    raise dj_exc_value.with_traceback(traceback) from exc_value
  File "/usr/local/lib/python3.14/site-packages/django/db/backends/utils.py", line 105, in _execute
    return self.cursor.execute(sql, params)
           ~~~~~~~~~~~~~~~~~~~^^^^^^^^^^^^^
  File "/usr/local/lib/python3.14/site-packages/psycopg/cursor.py", line 117, in execute
    raise ex.with_traceback(None)
django.db.utils.ProgrammingError: relation "shop_book" does not exist
LINE 1: SELECT COUNT(*) AS "__count" FROM "shop_book"
                                          ^
INFO 2026-06-12 11:41:32,313 middleware ⬅️ Response: GET / Status: 500 Time: 0.0371s
ERROR 2026-06-12 11:41:32,348 log "GET / HTTP/1.1" 500 193714
INFO 2026-06-12 11:41:32,351 basehttp - Broken pipe from ('127.0.0.1', 60798)
INFO 2026-06-12 11:41:52,395 middleware ➡️ Request: GET /
ERROR 2026-06-12 11:41:52,431 log Internal Server Error: /
Traceback (most recent call last):
  File "/usr/local/lib/python3.14/site-packages/django/db/backends/utils.py", line 105, in _execute
    return self.cursor.execute(sql, params)
           ~~~~~~~~~~~~~~~~~~~^^^^^^^^^^^^^
  File "/usr/local/lib/python3.14/site-packages/psycopg/cursor.py", line 117, in execute
    raise ex.with_traceback(None)
psycopg.errors.UndefinedTable: relation "shop_book" does not exist
LINE 1: SELECT COUNT(*) AS "__count" FROM "shop_book"
                                          ^

The above exception was the direct cause of the following exception:

Traceback (most recent call last):
  File "/usr/local/lib/python3.14/site-packages/django/core/handlers/exception.py", line 55, in inner
    response = get_response(request)
  File "/usr/local/lib/python3.14/site-packages/django/core/handlers/base.py", line 198, in _get_response
    response = wrapped_callback(request, *callback_args, **callback_kwargs)
  File "/usr/local/lib/python3.14/site-packages/django/views/generic/base.py", line 106, in view
    return self.dispatch(request, *args, **kwargs)
           ~~~~~~~~~~~~~^^^^^^^^^^^^^^^^^^^^^^^^^^
  File "/usr/local/lib/python3.14/site-packages/django/views/generic/base.py", line 145, in dispatch
    return handler(request, *args, **kwargs)
  File "/usr/local/lib/python3.14/site-packages/django/views/generic/list.py", line 178, in get
    context = self.get_context_data()
  File "/usr/local/lib/python3.14/site-packages/django/views/generic/list.py", line 128, in get_context_data
    paginator, page, queryset, is_paginated = self.paginate_queryset(
                                              ~~~~~~~~~~~~~~~~~~~~~~^
        queryset, page_size
        ^^^^^^^^^^^^^^^^^^^
    )
    ^
  File "/usr/local/lib/python3.14/site-packages/django/views/generic/list.py", line 73, in paginate_queryset
    page = paginator.page(page_number)
  File "/usr/local/lib/python3.14/site-packages/django/core/paginator.py", line 177, in page
    number = self.validate_number(number)
  File "/usr/local/lib/python3.14/site-packages/django/core/paginator.py", line 160, in validate_number
    return self._validate_number(number, self.num_pages)
                                         ^^^^^^^^^^^^^^
  File "/usr/local/lib/python3.14/site-packages/django/utils/functional.py", line 47, in __get__
    res = instance.__dict__[self.name] = self.func(instance)
                                         ~~~~~~~~~^^^^^^^^^^
  File "/usr/local/lib/python3.14/site-packages/django/core/paginator.py", line 195, in num_pages
    if self.count == 0 and not self.allow_empty_first_page:
       ^^^^^^^^^^
  File "/usr/local/lib/python3.14/site-packages/django/utils/functional.py", line 47, in __get__
    res = instance.__dict__[self.name] = self.func(instance)
                                         ~~~~~~~~~^^^^^^^^^^
  File "/usr/local/lib/python3.14/site-packages/django/core/paginator.py", line 189, in count
    return c()
  File "/usr/local/lib/python3.14/site-packages/django/db/models/query.py", line 610, in count
    return self.query.get_count(using=self.db)
           ~~~~~~~~~~~~~~~~~~~~^^^^^^^^^^^^^^^
  File "/usr/local/lib/python3.14/site-packages/django/db/models/sql/query.py", line 656, in get_count
    return obj.get_aggregation(using, {"__count": Count("*")})["__count"]
           ~~~~~~~~~~~~~~~~~~~^^^^^^^^^^^^^^^^^^^^^^^^^^^^^^^^
  File "/usr/local/lib/python3.14/site-packages/django/db/models/sql/query.py", line 638, in get_aggregation
    result = compiler.execute_sql(SINGLE)
  File "/usr/local/lib/python3.14/site-packages/django/db/models/sql/compiler.py", line 1624, in execute_sql
    cursor.execute(sql, params)
    ~~~~~~~~~~~~~~^^^^^^^^^^^^^
  File "/usr/local/lib/python3.14/site-packages/debug_toolbar/panels/sql/tracking.py", line 243, in execute
    return self._record(super().execute, sql, params)
           ~~~~~~~~~~~~^^^^^^^^^^^^^^^^^^^^^^^^^^^^^^
  File "/usr/local/lib/python3.14/site-packages/debug_toolbar/panels/sql/tracking.py", line 164, in _record
    return method(sql, params)
  File "/usr/local/lib/python3.14/site-packages/django/db/backends/utils.py", line 122, in execute
    return super().execute(sql, params)
           ~~~~~~~~~~~~~~~^^^^^^^^^^^^^
  File "/usr/local/lib/python3.14/site-packages/django/db/backends/utils.py", line 79, in execute
    return self._execute_with_wrappers(
           ~~~~~~~~~~~~~~~~~~~~~~~~~~~^
        sql, params, many=False, executor=self._execute
        ^^^^^^^^^^^^^^^^^^^^^^^^^^^^^^^^^^^^^^^^^^^^^^^
    )
    ^
  File "/usr/local/lib/python3.14/site-packages/django/db/backends/utils.py", line 92, in _execute_with_wrappers
    return executor(sql, params, many, context)
  File "/usr/local/lib/python3.14/site-packages/django/db/backends/utils.py", line 100, in _execute
    with self.db.wrap_database_errors:
         ^^^^^^^^^^^^^^^^^^^^^^^^^^^^
  File "/usr/local/lib/python3.14/site-packages/django/db/utils.py", line 94, in __exit__
    raise dj_exc_value.with_traceback(traceback) from exc_value
  File "/usr/local/lib/python3.14/site-packages/django/db/backends/utils.py", line 105, in _execute
    return self.cursor.execute(sql, params)
           ~~~~~~~~~~~~~~~~~~~^^^^^^^^^^^^^
  File "/usr/local/lib/python3.14/site-packages/psycopg/cursor.py", line 117, in execute
    raise ex.with_traceback(None)
django.db.utils.ProgrammingError: relation "shop_book" does not exist
LINE 1: SELECT COUNT(*) AS "__count" FROM "shop_book"
                                          ^
INFO 2026-06-12 11:41:52,438 middleware ⬅️ Response: GET / Status: 500 Time: 0.0426s
ERROR 2026-06-12 11:41:52,469 log "GET / HTTP/1.1" 500 193714
INFO 2026-06-12 11:41:52,472 basehttp - Broken pipe from ('127.0.0.1', 47246)
INFO 2026-06-12 11:42:12,523 middleware ➡️ Request: GET /
ERROR 2026-06-12 11:42:12,555 log Internal Server Error: /
Traceback (most recent call last):
  File "/usr/local/lib/python3.14/site-packages/django/db/backends/utils.py", line 105, in _execute
    return self.cursor.execute(sql, params)
           ~~~~~~~~~~~~~~~~~~~^^^^^^^^^^^^^
  File "/usr/local/lib/python3.14/site-packages/psycopg/cursor.py", line 117, in execute
    raise ex.with_traceback(None)
psycopg.errors.UndefinedTable: relation "shop_book" does not exist
LINE 1: SELECT COUNT(*) AS "__count" FROM "shop_book"
                                          ^

The above exception was the direct cause of the following exception:

Traceback (most recent call last):
  File "/usr/local/lib/python3.14/site-packages/django/core/handlers/exception.py", line 55, in inner
    response = get_response(request)
  File "/usr/local/lib/python3.14/site-packages/django/core/handlers/base.py", line 198, in _get_response
    response = wrapped_callback(request, *callback_args, **callback_kwargs)
  File "/usr/local/lib/python3.14/site-packages/django/views/generic/base.py", line 106, in view
    return self.dispatch(request, *args, **kwargs)
           ~~~~~~~~~~~~~^^^^^^^^^^^^^^^^^^^^^^^^^^
  File "/usr/local/lib/python3.14/site-packages/django/views/generic/base.py", line 145, in dispatch
    return handler(request, *args, **kwargs)
  File "/usr/local/lib/python3.14/site-packages/django/views/generic/list.py", line 178, in get
    context = self.get_context_data()
  File "/usr/local/lib/python3.14/site-packages/django/views/generic/list.py", line 128, in get_context_data
    paginator, page, queryset, is_paginated = self.paginate_queryset(
                                              ~~~~~~~~~~~~~~~~~~~~~~^
        queryset, page_size
        ^^^^^^^^^^^^^^^^^^^
    )
    ^
  File "/usr/local/lib/python3.14/site-packages/django/views/generic/list.py", line 73, in paginate_queryset
    page = paginator.page(page_number)
  File "/usr/local/lib/python3.14/site-packages/django/core/paginator.py", line 177, in page
    number = self.validate_number(number)
  File "/usr/local/lib/python3.14/site-packages/django/core/paginator.py", line 160, in validate_number
    return self._validate_number(number, self.num_pages)
                                         ^^^^^^^^^^^^^^
  File "/usr/local/lib/python3.14/site-packages/django/utils/functional.py", line 47, in __get__
    res = instance.__dict__[self.name] = self.func(instance)
                                         ~~~~~~~~~^^^^^^^^^^
  File "/usr/local/lib/python3.14/site-packages/django/core/paginator.py", line 195, in num_pages
    if self.count == 0 and not self.allow_empty_first_page:
       ^^^^^^^^^^
  File "/usr/local/lib/python3.14/site-packages/django/utils/functional.py", line 47, in __get__
    res = instance.__dict__[self.name] = self.func(instance)
                                         ~~~~~~~~~^^^^^^^^^^
  File "/usr/local/lib/python3.14/site-packages/django/core/paginator.py", line 189, in count
    return c()
  File "/usr/local/lib/python3.14/site-packages/django/db/models/query.py", line 610, in count
    return self.query.get_count(using=self.db)
           ~~~~~~~~~~~~~~~~~~~~^^^^^^^^^^^^^^^
  File "/usr/local/lib/python3.14/site-packages/django/db/models/sql/query.py", line 656, in get_count
    return obj.get_aggregation(using, {"__count": Count("*")})["__count"]
           ~~~~~~~~~~~~~~~~~~~^^^^^^^^^^^^^^^^^^^^^^^^^^^^^^^^
  File "/usr/local/lib/python3.14/site-packages/django/db/models/sql/query.py", line 638, in get_aggregation
    result = compiler.execute_sql(SINGLE)
  File "/usr/local/lib/python3.14/site-packages/django/db/models/sql/compiler.py", line 1624, in execute_sql
    cursor.execute(sql, params)
    ~~~~~~~~~~~~~~^^^^^^^^^^^^^
  File "/usr/local/lib/python3.14/site-packages/debug_toolbar/panels/sql/tracking.py", line 243, in execute
    return self._record(super().execute, sql, params)
           ~~~~~~~~~~~~^^^^^^^^^^^^^^^^^^^^^^^^^^^^^^
  File "/usr/local/lib/python3.14/site-packages/debug_toolbar/panels/sql/tracking.py", line 164, in _record
    return method(sql, params)
  File "/usr/local/lib/python3.14/site-packages/django/db/backends/utils.py", line 122, in execute
    return super().execute(sql, params)
           ~~~~~~~~~~~~~~~^^^^^^^^^^^^^
  File "/usr/local/lib/python3.14/site-packages/django/db/backends/utils.py", line 79, in execute
    return self._execute_with_wrappers(
           ~~~~~~~~~~~~~~~~~~~~~~~~~~~^
        sql, params, many=False, executor=self._execute
        ^^^^^^^^^^^^^^^^^^^^^^^^^^^^^^^^^^^^^^^^^^^^^^^
    )
    ^
  File "/usr/local/lib/python3.14/site-packages/django/db/backends/utils.py", line 92, in _execute_with_wrappers
    return executor(sql, params, many, context)
  File "/usr/local/lib/python3.14/site-packages/django/db/backends/utils.py", line 100, in _execute
    with self.db.wrap_database_errors:
         ^^^^^^^^^^^^^^^^^^^^^^^^^^^^
  File "/usr/local/lib/python3.14/site-packages/django/db/utils.py", line 94, in __exit__
    raise dj_exc_value.with_traceback(traceback) from exc_value
  File "/usr/local/lib/python3.14/site-packages/django/db/backends/utils.py", line 105, in _execute
    return self.cursor.execute(sql, params)
           ~~~~~~~~~~~~~~~~~~~^^^^^^^^^^^^^
  File "/usr/local/lib/python3.14/site-packages/psycopg/cursor.py", line 117, in execute
    raise ex.with_traceback(None)
django.db.utils.ProgrammingError: relation "shop_book" does not exist
LINE 1: SELECT COUNT(*) AS "__count" FROM "shop_book"
                                          ^
INFO 2026-06-12 11:42:12,561 middleware ⬅️ Response: GET / Status: 500 Time: 0.0376s
ERROR 2026-06-12 11:42:12,594 log "GET / HTTP/1.1" 500 193714
INFO 2026-06-12 11:42:12,598 basehttp - Broken pipe from ('127.0.0.1', 58100)
INFO 2026-06-12 11:42:32,647 middleware ➡️ Request: GET /
ERROR 2026-06-12 11:42:32,679 log Internal Server Error: /
Traceback (most recent call last):
  File "/usr/local/lib/python3.14/site-packages/django/db/backends/utils.py", line 105, in _execute
    return self.cursor.execute(sql, params)
           ~~~~~~~~~~~~~~~~~~~^^^^^^^^^^^^^
  File "/usr/local/lib/python3.14/site-packages/psycopg/cursor.py", line 117, in execute
    raise ex.with_traceback(None)
psycopg.errors.UndefinedTable: relation "shop_book" does not exist
LINE 1: SELECT COUNT(*) AS "__count" FROM "shop_book"
                                          ^

The above exception was the direct cause of the following exception:

Traceback (most recent call last):
  File "/usr/local/lib/python3.14/site-packages/django/core/handlers/exception.py", line 55, in inner
    response = get_response(request)
  File "/usr/local/lib/python3.14/site-packages/django/core/handlers/base.py", line 198, in _get_response
    response = wrapped_callback(request, *callback_args, **callback_kwargs)
  File "/usr/local/lib/python3.14/site-packages/django/views/generic/base.py", line 106, in view
    return self.dispatch(request, *args, **kwargs)
           ~~~~~~~~~~~~~^^^^^^^^^^^^^^^^^^^^^^^^^^
  File "/usr/local/lib/python3.14/site-packages/django/views/generic/base.py", line 145, in dispatch
    return handler(request, *args, **kwargs)
  File "/usr/local/lib/python3.14/site-packages/django/views/generic/list.py", line 178, in get
    context = self.get_context_data()
  File "/usr/local/lib/python3.14/site-packages/django/views/generic/list.py", line 128, in get_context_data
    paginator, page, queryset, is_paginated = self.paginate_queryset(
                                              ~~~~~~~~~~~~~~~~~~~~~~^
        queryset, page_size
        ^^^^^^^^^^^^^^^^^^^
    )
    ^
  File "/usr/local/lib/python3.14/site-packages/django/views/generic/list.py", line 73, in paginate_queryset
    page = paginator.page(page_number)
  File "/usr/local/lib/python3.14/site-packages/django/core/paginator.py", line 177, in page
    number = self.validate_number(number)
  File "/usr/local/lib/python3.14/site-packages/django/core/paginator.py", line 160, in validate_number
    return self._validate_number(number, self.num_pages)
                                         ^^^^^^^^^^^^^^
  File "/usr/local/lib/python3.14/site-packages/django/utils/functional.py", line 47, in __get__
    res = instance.__dict__[self.name] = self.func(instance)
                                         ~~~~~~~~~^^^^^^^^^^
  File "/usr/local/lib/python3.14/site-packages/django/core/paginator.py", line 195, in num_pages
    if self.count == 0 and not self.allow_empty_first_page:
       ^^^^^^^^^^
  File "/usr/local/lib/python3.14/site-packages/django/utils/functional.py", line 47, in __get__
    res = instance.__dict__[self.name] = self.func(instance)
                                         ~~~~~~~~~^^^^^^^^^^
  File "/usr/local/lib/python3.14/site-packages/django/core/paginator.py", line 189, in count
    return c()
  File "/usr/local/lib/python3.14/site-packages/django/db/models/query.py", line 610, in count
    return self.query.get_count(using=self.db)
           ~~~~~~~~~~~~~~~~~~~~^^^^^^^^^^^^^^^
  File "/usr/local/lib/python3.14/site-packages/django/db/models/sql/query.py", line 656, in get_count
    return obj.get_aggregation(using, {"__count": Count("*")})["__count"]
           ~~~~~~~~~~~~~~~~~~~^^^^^^^^^^^^^^^^^^^^^^^^^^^^^^^^
  File "/usr/local/lib/python3.14/site-packages/django/db/models/sql/query.py", line 638, in get_aggregation
    result = compiler.execute_sql(SINGLE)
  File "/usr/local/lib/python3.14/site-packages/django/db/models/sql/compiler.py", line 1624, in execute_sql
    cursor.execute(sql, params)
    ~~~~~~~~~~~~~~^^^^^^^^^^^^^
  File "/usr/local/lib/python3.14/site-packages/debug_toolbar/panels/sql/tracking.py", line 243, in execute
    return self._record(super().execute, sql, params)
           ~~~~~~~~~~~~^^^^^^^^^^^^^^^^^^^^^^^^^^^^^^
  File "/usr/local/lib/python3.14/site-packages/debug_toolbar/panels/sql/tracking.py", line 164, in _record
    return method(sql, params)
  File "/usr/local/lib/python3.14/site-packages/django/db/backends/utils.py", line 122, in execute
    return super().execute(sql, params)
           ~~~~~~~~~~~~~~~^^^^^^^^^^^^^
  File "/usr/local/lib/python3.14/site-packages/django/db/backends/utils.py", line 79, in execute
    return self._execute_with_wrappers(
           ~~~~~~~~~~~~~~~~~~~~~~~~~~~^
        sql, params, many=False, executor=self._execute
        ^^^^^^^^^^^^^^^^^^^^^^^^^^^^^^^^^^^^^^^^^^^^^^^
    )
    ^
  File "/usr/local/lib/python3.14/site-packages/django/db/backends/utils.py", line 92, in _execute_with_wrappers
    return executor(sql, params, many, context)
  File "/usr/local/lib/python3.14/site-packages/django/db/backends/utils.py", line 100, in _execute
    with self.db.wrap_database_errors:
         ^^^^^^^^^^^^^^^^^^^^^^^^^^^^
  File "/usr/local/lib/python3.14/site-packages/django/db/utils.py", line 94, in __exit__
    raise dj_exc_value.with_traceback(traceback) from exc_value
  File "/usr/local/lib/python3.14/site-packages/django/db/backends/utils.py", line 105, in _execute
    return self.cursor.execute(sql, params)
           ~~~~~~~~~~~~~~~~~~~^^^^^^^^^^^^^
  File "/usr/local/lib/python3.14/site-packages/psycopg/cursor.py", line 117, in execute
    raise ex.with_traceback(None)
django.db.utils.ProgrammingError: relation "shop_book" does not exist
LINE 1: SELECT COUNT(*) AS "__count" FROM "shop_book"
                                          ^
INFO 2026-06-12 11:42:32,686 middleware ⬅️ Response: GET / Status: 500 Time: 0.0388s
ERROR 2026-06-12 11:42:32,723 log "GET / HTTP/1.1" 500 193716
INFO 2026-06-12 11:42:32,726 basehttp - Broken pipe from ('127.0.0.1', 60530)
INFO 2026-06-12 11:42:52,772 middleware ➡️ Request: GET /
ERROR 2026-06-12 11:42:52,804 log Internal Server Error: /
Traceback (most recent call last):
  File "/usr/local/lib/python3.14/site-packages/django/db/backends/utils.py", line 105, in _execute
    return self.cursor.execute(sql, params)
           ~~~~~~~~~~~~~~~~~~~^^^^^^^^^^^^^
  File "/usr/local/lib/python3.14/site-packages/psycopg/cursor.py", line 117, in execute
    raise ex.with_traceback(None)
psycopg.errors.UndefinedTable: relation "shop_book" does not exist
LINE 1: SELECT COUNT(*) AS "__count" FROM "shop_book"
                                          ^

The above exception was the direct cause of the following exception:

Traceback (most recent call last):
  File "/usr/local/lib/python3.14/site-packages/django/core/handlers/exception.py", line 55, in inner
    response = get_response(request)
  File "/usr/local/lib/python3.14/site-packages/django/core/handlers/base.py", line 198, in _get_response
    response = wrapped_callback(request, *callback_args, **callback_kwargs)
  File "/usr/local/lib/python3.14/site-packages/django/views/generic/base.py", line 106, in view
    return self.dispatch(request, *args, **kwargs)
           ~~~~~~~~~~~~~^^^^^^^^^^^^^^^^^^^^^^^^^^
  File "/usr/local/lib/python3.14/site-packages/django/views/generic/base.py", line 145, in dispatch
    return handler(request, *args, **kwargs)
  File "/usr/local/lib/python3.14/site-packages/django/views/generic/list.py", line 178, in get
    context = self.get_context_data()
  File "/usr/local/lib/python3.14/site-packages/django/views/generic/list.py", line 128, in get_context_data
    paginator, page, queryset, is_paginated = self.paginate_queryset(
                                              ~~~~~~~~~~~~~~~~~~~~~~^
        queryset, page_size
        ^^^^^^^^^^^^^^^^^^^
    )
    ^
  File "/usr/local/lib/python3.14/site-packages/django/views/generic/list.py", line 73, in paginate_queryset
    page = paginator.page(page_number)
  File "/usr/local/lib/python3.14/site-packages/django/core/paginator.py", line 177, in page
    number = self.validate_number(number)
  File "/usr/local/lib/python3.14/site-packages/django/core/paginator.py", line 160, in validate_number
    return self._validate_number(number, self.num_pages)
                                         ^^^^^^^^^^^^^^
  File "/usr/local/lib/python3.14/site-packages/django/utils/functional.py", line 47, in __get__
    res = instance.__dict__[self.name] = self.func(instance)
                                         ~~~~~~~~~^^^^^^^^^^
  File "/usr/local/lib/python3.14/site-packages/django/core/paginator.py", line 195, in num_pages
    if self.count == 0 and not self.allow_empty_first_page:
       ^^^^^^^^^^
  File "/usr/local/lib/python3.14/site-packages/django/utils/functional.py", line 47, in __get__
    res = instance.__dict__[self.name] = self.func(instance)
                                         ~~~~~~~~~^^^^^^^^^^
  File "/usr/local/lib/python3.14/site-packages/django/core/paginator.py", line 189, in count
    return c()
  File "/usr/local/lib/python3.14/site-packages/django/db/models/query.py", line 610, in count
    return self.query.get_count(using=self.db)
           ~~~~~~~~~~~~~~~~~~~~^^^^^^^^^^^^^^^
  File "/usr/local/lib/python3.14/site-packages/django/db/models/sql/query.py", line 656, in get_count
    return obj.get_aggregation(using, {"__count": Count("*")})["__count"]
           ~~~~~~~~~~~~~~~~~~~^^^^^^^^^^^^^^^^^^^^^^^^^^^^^^^^
  File "/usr/local/lib/python3.14/site-packages/django/db/models/sql/query.py", line 638, in get_aggregation
    result = compiler.execute_sql(SINGLE)
  File "/usr/local/lib/python3.14/site-packages/django/db/models/sql/compiler.py", line 1624, in execute_sql
    cursor.execute(sql, params)
    ~~~~~~~~~~~~~~^^^^^^^^^^^^^
  File "/usr/local/lib/python3.14/site-packages/debug_toolbar/panels/sql/tracking.py", line 243, in execute
    return self._record(super().execute, sql, params)
           ~~~~~~~~~~~~^^^^^^^^^^^^^^^^^^^^^^^^^^^^^^
  File "/usr/local/lib/python3.14/site-packages/debug_toolbar/panels/sql/tracking.py", line 164, in _record
    return method(sql, params)
  File "/usr/local/lib/python3.14/site-packages/django/db/backends/utils.py", line 122, in execute
    return super().execute(sql, params)
           ~~~~~~~~~~~~~~~^^^^^^^^^^^^^
  File "/usr/local/lib/python3.14/site-packages/django/db/backends/utils.py", line 79, in execute
    return self._execute_with_wrappers(
           ~~~~~~~~~~~~~~~~~~~~~~~~~~~^
        sql, params, many=False, executor=self._execute
        ^^^^^^^^^^^^^^^^^^^^^^^^^^^^^^^^^^^^^^^^^^^^^^^
    )
    ^
  File "/usr/local/lib/python3.14/site-packages/django/db/backends/utils.py", line 92, in _execute_with_wrappers
    return executor(sql, params, many, context)
  File "/usr/local/lib/python3.14/site-packages/django/db/backends/utils.py", line 100, in _execute
    with self.db.wrap_database_errors:
         ^^^^^^^^^^^^^^^^^^^^^^^^^^^^
  File "/usr/local/lib/python3.14/site-packages/django/db/utils.py", line 94, in __exit__
    raise dj_exc_value.with_traceback(traceback) from exc_value
  File "/usr/local/lib/python3.14/site-packages/django/db/backends/utils.py", line 105, in _execute
    return self.cursor.execute(sql, params)
           ~~~~~~~~~~~~~~~~~~~^^^^^^^^^^^^^
  File "/usr/local/lib/python3.14/site-packages/psycopg/cursor.py", line 117, in execute
    raise ex.with_traceback(None)
django.db.utils.ProgrammingError: relation "shop_book" does not exist
LINE 1: SELECT COUNT(*) AS "__count" FROM "shop_book"
                                          ^
INFO 2026-06-12 11:42:52,809 middleware ⬅️ Response: GET / Status: 500 Time: 0.0374s
ERROR 2026-06-12 11:42:52,843 log "GET / HTTP/1.1" 500 193716
INFO 2026-06-12 11:42:52,846 basehttp - Broken pipe from ('127.0.0.1', 55442)
INFO 2026-06-12 11:43:12,914 middleware ➡️ Request: GET /
ERROR 2026-06-12 11:43:12,950 log Internal Server Error: /
Traceback (most recent call last):
  File "/usr/local/lib/python3.14/site-packages/django/db/backends/utils.py", line 105, in _execute
    return self.cursor.execute(sql, params)
           ~~~~~~~~~~~~~~~~~~~^^^^^^^^^^^^^
  File "/usr/local/lib/python3.14/site-packages/psycopg/cursor.py", line 117, in execute
    raise ex.with_traceback(None)
psycopg.errors.UndefinedTable: relation "shop_book" does not exist
LINE 1: SELECT COUNT(*) AS "__count" FROM "shop_book"
                                          ^

The above exception was the direct cause of the following exception:

Traceback (most recent call last):
  File "/usr/local/lib/python3.14/site-packages/django/core/handlers/exception.py", line 55, in inner
    response = get_response(request)
  File "/usr/local/lib/python3.14/site-packages/django/core/handlers/base.py", line 198, in _get_response
    response = wrapped_callback(request, *callback_args, **callback_kwargs)
  File "/usr/local/lib/python3.14/site-packages/django/views/generic/base.py", line 106, in view
    return self.dispatch(request, *args, **kwargs)
           ~~~~~~~~~~~~~^^^^^^^^^^^^^^^^^^^^^^^^^^
  File "/usr/local/lib/python3.14/site-packages/django/views/generic/base.py", line 145, in dispatch
    return handler(request, *args, **kwargs)
  File "/usr/local/lib/python3.14/site-packages/django/views/generic/list.py", line 178, in get
    context = self.get_context_data()
  File "/usr/local/lib/python3.14/site-packages/django/views/generic/list.py", line 128, in get_context_data
    paginator, page, queryset, is_paginated = self.paginate_queryset(
                                              ~~~~~~~~~~~~~~~~~~~~~~^
        queryset, page_size
        ^^^^^^^^^^^^^^^^^^^
    )
    ^
  File "/usr/local/lib/python3.14/site-packages/django/views/generic/list.py", line 73, in paginate_queryset
    page = paginator.page(page_number)
  File "/usr/local/lib/python3.14/site-packages/django/core/paginator.py", line 177, in page
    number = self.validate_number(number)
  File "/usr/local/lib/python3.14/site-packages/django/core/paginator.py", line 160, in validate_number
    return self._validate_number(number, self.num_pages)
                                         ^^^^^^^^^^^^^^
  File "/usr/local/lib/python3.14/site-packages/django/utils/functional.py", line 47, in __get__
    res = instance.__dict__[self.name] = self.func(instance)
                                         ~~~~~~~~~^^^^^^^^^^
  File "/usr/local/lib/python3.14/site-packages/django/core/paginator.py", line 195, in num_pages
    if self.count == 0 and not self.allow_empty_first_page:
       ^^^^^^^^^^
  File "/usr/local/lib/python3.14/site-packages/django/utils/functional.py", line 47, in __get__
    res = instance.__dict__[self.name] = self.func(instance)
                                         ~~~~~~~~~^^^^^^^^^^
  File "/usr/local/lib/python3.14/site-packages/django/core/paginator.py", line 189, in count
    return c()
  File "/usr/local/lib/python3.14/site-packages/django/db/models/query.py", line 610, in count
    return self.query.get_count(using=self.db)
           ~~~~~~~~~~~~~~~~~~~~^^^^^^^^^^^^^^^
  File "/usr/local/lib/python3.14/site-packages/django/db/models/sql/query.py", line 656, in get_count
    return obj.get_aggregation(using, {"__count": Count("*")})["__count"]
           ~~~~~~~~~~~~~~~~~~~^^^^^^^^^^^^^^^^^^^^^^^^^^^^^^^^
  File "/usr/local/lib/python3.14/site-packages/django/db/models/sql/query.py", line 638, in get_aggregation
    result = compiler.execute_sql(SINGLE)
  File "/usr/local/lib/python3.14/site-packages/django/db/models/sql/compiler.py", line 1624, in execute_sql
    cursor.execute(sql, params)
    ~~~~~~~~~~~~~~^^^^^^^^^^^^^
  File "/usr/local/lib/python3.14/site-packages/debug_toolbar/panels/sql/tracking.py", line 243, in execute
    return self._record(super().execute, sql, params)
           ~~~~~~~~~~~~^^^^^^^^^^^^^^^^^^^^^^^^^^^^^^
  File "/usr/local/lib/python3.14/site-packages/debug_toolbar/panels/sql/tracking.py", line 164, in _record
    return method(sql, params)
  File "/usr/local/lib/python3.14/site-packages/django/db/backends/utils.py", line 122, in execute
    return super().execute(sql, params)
           ~~~~~~~~~~~~~~~^^^^^^^^^^^^^
  File "/usr/local/lib/python3.14/site-packages/django/db/backends/utils.py", line 79, in execute
    return self._execute_with_wrappers(
           ~~~~~~~~~~~~~~~~~~~~~~~~~~~^
        sql, params, many=False, executor=self._execute
        ^^^^^^^^^^^^^^^^^^^^^^^^^^^^^^^^^^^^^^^^^^^^^^^
    )
    ^
  File "/usr/local/lib/python3.14/site-packages/django/db/backends/utils.py", line 92, in _execute_with_wrappers
    return executor(sql, params, many, context)
  File "/usr/local/lib/python3.14/site-packages/django/db/backends/utils.py", line 100, in _execute
    with self.db.wrap_database_errors:
         ^^^^^^^^^^^^^^^^^^^^^^^^^^^^
  File "/usr/local/lib/python3.14/site-packages/django/db/utils.py", line 94, in __exit__
    raise dj_exc_value.with_traceback(traceback) from exc_value
  File "/usr/local/lib/python3.14/site-packages/django/db/backends/utils.py", line 105, in _execute
    return self.cursor.execute(sql, params)
           ~~~~~~~~~~~~~~~~~~~^^^^^^^^^^^^^
  File "/usr/local/lib/python3.14/site-packages/psycopg/cursor.py", line 117, in execute
    raise ex.with_traceback(None)
django.db.utils.ProgrammingError: relation "shop_book" does not exist
LINE 1: SELECT COUNT(*) AS "__count" FROM "shop_book"
                                          ^
INFO 2026-06-12 11:43:12,956 middleware ⬅️ Response: GET / Status: 500 Time: 0.0413s
ERROR 2026-06-12 11:43:12,987 log "GET / HTTP/1.1" 500 193714
INFO 2026-06-12 11:43:12,991 basehttp - Broken pipe from ('127.0.0.1', 51082)
INFO 2026-06-12 11:43:33,032 middleware ➡️ Request: GET /
ERROR 2026-06-12 11:43:33,069 log Internal Server Error: /
Traceback (most recent call last):
  File "/usr/local/lib/python3.14/site-packages/django/db/backends/utils.py", line 105, in _execute
    return self.cursor.execute(sql, params)
           ~~~~~~~~~~~~~~~~~~~^^^^^^^^^^^^^
  File "/usr/local/lib/python3.14/site-packages/psycopg/cursor.py", line 117, in execute
    raise ex.with_traceback(None)
psycopg.errors.UndefinedTable: relation "shop_book" does not exist
LINE 1: SELECT COUNT(*) AS "__count" FROM "shop_book"
                                          ^

The above exception was the direct cause of the following exception:

Traceback (most recent call last):
  File "/usr/local/lib/python3.14/site-packages/django/core/handlers/exception.py", line 55, in inner
    response = get_response(request)
  File "/usr/local/lib/python3.14/site-packages/django/core/handlers/base.py", line 198, in _get_response
    response = wrapped_callback(request, *callback_args, **callback_kwargs)
  File "/usr/local/lib/python3.14/site-packages/django/views/generic/base.py", line 106, in view
    return self.dispatch(request, *args, **kwargs)
           ~~~~~~~~~~~~~^^^^^^^^^^^^^^^^^^^^^^^^^^
  File "/usr/local/lib/python3.14/site-packages/django/views/generic/base.py", line 145, in dispatch
    return handler(request, *args, **kwargs)
  File "/usr/local/lib/python3.14/site-packages/django/views/generic/list.py", line 178, in get
    context = self.get_context_data()
  File "/usr/local/lib/python3.14/site-packages/django/views/generic/list.py", line 128, in get_context_data
    paginator, page, queryset, is_paginated = self.paginate_queryset(
                                              ~~~~~~~~~~~~~~~~~~~~~~^
        queryset, page_size
        ^^^^^^^^^^^^^^^^^^^
    )
    ^
  File "/usr/local/lib/python3.14/site-packages/django/views/generic/list.py", line 73, in paginate_queryset
    page = paginator.page(page_number)
  File "/usr/local/lib/python3.14/site-packages/django/core/paginator.py", line 177, in page
    number = self.validate_number(number)
  File "/usr/local/lib/python3.14/site-packages/django/core/paginator.py", line 160, in validate_number
    return self._validate_number(number, self.num_pages)
                                         ^^^^^^^^^^^^^^
  File "/usr/local/lib/python3.14/site-packages/django/utils/functional.py", line 47, in __get__
    res = instance.__dict__[self.name] = self.func(instance)
                                         ~~~~~~~~~^^^^^^^^^^
  File "/usr/local/lib/python3.14/site-packages/django/core/paginator.py", line 195, in num_pages
    if self.count == 0 and not self.allow_empty_first_page:
       ^^^^^^^^^^
  File "/usr/local/lib/python3.14/site-packages/django/utils/functional.py", line 47, in __get__
    res = instance.__dict__[self.name] = self.func(instance)
                                         ~~~~~~~~~^^^^^^^^^^
  File "/usr/local/lib/python3.14/site-packages/django/core/paginator.py", line 189, in count
    return c()
  File "/usr/local/lib/python3.14/site-packages/django/db/models/query.py", line 610, in count
    return self.query.get_count(using=self.db)
           ~~~~~~~~~~~~~~~~~~~~^^^^^^^^^^^^^^^
  File "/usr/local/lib/python3.14/site-packages/django/db/models/sql/query.py", line 656, in get_count
    return obj.get_aggregation(using, {"__count": Count("*")})["__count"]
           ~~~~~~~~~~~~~~~~~~~^^^^^^^^^^^^^^^^^^^^^^^^^^^^^^^^
  File "/usr/local/lib/python3.14/site-packages/django/db/models/sql/query.py", line 638, in get_aggregation
    result = compiler.execute_sql(SINGLE)
  File "/usr/local/lib/python3.14/site-packages/django/db/models/sql/compiler.py", line 1624, in execute_sql
    cursor.execute(sql, params)
    ~~~~~~~~~~~~~~^^^^^^^^^^^^^
  File "/usr/local/lib/python3.14/site-packages/debug_toolbar/panels/sql/tracking.py", line 243, in execute
    return self._record(super().execute, sql, params)
           ~~~~~~~~~~~~^^^^^^^^^^^^^^^^^^^^^^^^^^^^^^
  File "/usr/local/lib/python3.14/site-packages/debug_toolbar/panels/sql/tracking.py", line 164, in _record
    return method(sql, params)
  File "/usr/local/lib/python3.14/site-packages/django/db/backends/utils.py", line 122, in execute
    return super().execute(sql, params)
           ~~~~~~~~~~~~~~~^^^^^^^^^^^^^
  File "/usr/local/lib/python3.14/site-packages/django/db/backends/utils.py", line 79, in execute
    return self._execute_with_wrappers(
           ~~~~~~~~~~~~~~~~~~~~~~~~~~~^
        sql, params, many=False, executor=self._execute
        ^^^^^^^^^^^^^^^^^^^^^^^^^^^^^^^^^^^^^^^^^^^^^^^
    )
    ^
  File "/usr/local/lib/python3.14/site-packages/django/db/backends/utils.py", line 92, in _execute_with_wrappers
    return executor(sql, params, many, context)
  File "/usr/local/lib/python3.14/site-packages/django/db/backends/utils.py", line 100, in _execute
    with self.db.wrap_database_errors:
         ^^^^^^^^^^^^^^^^^^^^^^^^^^^^
  File "/usr/local/lib/python3.14/site-packages/django/db/utils.py", line 94, in __exit__
    raise dj_exc_value.with_traceback(traceback) from exc_value
  File "/usr/local/lib/python3.14/site-packages/django/db/backends/utils.py", line 105, in _execute
    return self.cursor.execute(sql, params)
           ~~~~~~~~~~~~~~~~~~~^^^^^^^^^^^^^
  File "/usr/local/lib/python3.14/site-packages/psycopg/cursor.py", line 117, in execute
    raise ex.with_traceback(None)
django.db.utils.ProgrammingError: relation "shop_book" does not exist
LINE 1: SELECT COUNT(*) AS "__count" FROM "shop_book"
                                          ^
INFO 2026-06-12 11:43:33,075 middleware ⬅️ Response: GET / Status: 500 Time: 0.0426s
ERROR 2026-06-12 11:43:33,108 log "GET / HTTP/1.1" 500 193716
INFO 2026-06-12 11:43:33,111 basehttp - Broken pipe from ('127.0.0.1', 40688)
INFO 2026-06-12 11:43:53,158 middleware ➡️ Request: GET /
ERROR 2026-06-12 11:43:53,190 log Internal Server Error: /
Traceback (most recent call last):
  File "/usr/local/lib/python3.14/site-packages/django/db/backends/utils.py", line 105, in _execute
    return self.cursor.execute(sql, params)
           ~~~~~~~~~~~~~~~~~~~^^^^^^^^^^^^^
  File "/usr/local/lib/python3.14/site-packages/psycopg/cursor.py", line 117, in execute
    raise ex.with_traceback(None)
psycopg.errors.UndefinedTable: relation "shop_book" does not exist
LINE 1: SELECT COUNT(*) AS "__count" FROM "shop_book"
                                          ^

The above exception was the direct cause of the following exception:

Traceback (most recent call last):
  File "/usr/local/lib/python3.14/site-packages/django/core/handlers/exception.py", line 55, in inner
    response = get_response(request)
  File "/usr/local/lib/python3.14/site-packages/django/core/handlers/base.py", line 198, in _get_response
    response = wrapped_callback(request, *callback_args, **callback_kwargs)
  File "/usr/local/lib/python3.14/site-packages/django/views/generic/base.py", line 106, in view
    return self.dispatch(request, *args, **kwargs)
           ~~~~~~~~~~~~~^^^^^^^^^^^^^^^^^^^^^^^^^^
  File "/usr/local/lib/python3.14/site-packages/django/views/generic/base.py", line 145, in dispatch
    return handler(request, *args, **kwargs)
  File "/usr/local/lib/python3.14/site-packages/django/views/generic/list.py", line 178, in get
    context = self.get_context_data()
  File "/usr/local/lib/python3.14/site-packages/django/views/generic/list.py", line 128, in get_context_data
    paginator, page, queryset, is_paginated = self.paginate_queryset(
                                              ~~~~~~~~~~~~~~~~~~~~~~^
        queryset, page_size
        ^^^^^^^^^^^^^^^^^^^
    )
    ^
  File "/usr/local/lib/python3.14/site-packages/django/views/generic/list.py", line 73, in paginate_queryset
    page = paginator.page(page_number)
  File "/usr/local/lib/python3.14/site-packages/django/core/paginator.py", line 177, in page
    number = self.validate_number(number)
  File "/usr/local/lib/python3.14/site-packages/django/core/paginator.py", line 160, in validate_number
    return self._validate_number(number, self.num_pages)
                                         ^^^^^^^^^^^^^^
  File "/usr/local/lib/python3.14/site-packages/django/utils/functional.py", line 47, in __get__
    res = instance.__dict__[self.name] = self.func(instance)
                                         ~~~~~~~~~^^^^^^^^^^
  File "/usr/local/lib/python3.14/site-packages/django/core/paginator.py", line 195, in num_pages
    if self.count == 0 and not self.allow_empty_first_page:
       ^^^^^^^^^^
  File "/usr/local/lib/python3.14/site-packages/django/utils/functional.py", line 47, in __get__
    res = instance.__dict__[self.name] = self.func(instance)
                                         ~~~~~~~~~^^^^^^^^^^
  File "/usr/local/lib/python3.14/site-packages/django/core/paginator.py", line 189, in count
    return c()
  File "/usr/local/lib/python3.14/site-packages/django/db/models/query.py", line 610, in count
    return self.query.get_count(using=self.db)
           ~~~~~~~~~~~~~~~~~~~~^^^^^^^^^^^^^^^
  File "/usr/local/lib/python3.14/site-packages/django/db/models/sql/query.py", line 656, in get_count
    return obj.get_aggregation(using, {"__count": Count("*")})["__count"]
           ~~~~~~~~~~~~~~~~~~~^^^^^^^^^^^^^^^^^^^^^^^^^^^^^^^^
  File "/usr/local/lib/python3.14/site-packages/django/db/models/sql/query.py", line 638, in get_aggregation
    result = compiler.execute_sql(SINGLE)
  File "/usr/local/lib/python3.14/site-packages/django/db/models/sql/compiler.py", line 1624, in execute_sql
    cursor.execute(sql, params)
    ~~~~~~~~~~~~~~^^^^^^^^^^^^^
  File "/usr/local/lib/python3.14/site-packages/debug_toolbar/panels/sql/tracking.py", line 243, in execute
    return self._record(super().execute, sql, params)
           ~~~~~~~~~~~~^^^^^^^^^^^^^^^^^^^^^^^^^^^^^^
  File "/usr/local/lib/python3.14/site-packages/debug_toolbar/panels/sql/tracking.py", line 164, in _record
    return method(sql, params)
  File "/usr/local/lib/python3.14/site-packages/django/db/backends/utils.py", line 122, in execute
    return super().execute(sql, params)
           ~~~~~~~~~~~~~~~^^^^^^^^^^^^^
  File "/usr/local/lib/python3.14/site-packages/django/db/backends/utils.py", line 79, in execute
    return self._execute_with_wrappers(
           ~~~~~~~~~~~~~~~~~~~~~~~~~~~^
        sql, params, many=False, executor=self._execute
        ^^^^^^^^^^^^^^^^^^^^^^^^^^^^^^^^^^^^^^^^^^^^^^^
    )
    ^
  File "/usr/local/lib/python3.14/site-packages/django/db/backends/utils.py", line 92, in _execute_with_wrappers
    return executor(sql, params, many, context)
  File "/usr/local/lib/python3.14/site-packages/django/db/backends/utils.py", line 100, in _execute
    with self.db.wrap_database_errors:
         ^^^^^^^^^^^^^^^^^^^^^^^^^^^^
  File "/usr/local/lib/python3.14/site-packages/django/db/utils.py", line 94, in __exit__
    raise dj_exc_value.with_traceback(traceback) from exc_value
  File "/usr/local/lib/python3.14/site-packages/django/db/backends/utils.py", line 105, in _execute
    return self.cursor.execute(sql, params)
           ~~~~~~~~~~~~~~~~~~~^^^^^^^^^^^^^
  File "/usr/local/lib/python3.14/site-packages/psycopg/cursor.py", line 117, in execute
    raise ex.with_traceback(None)
django.db.utils.ProgrammingError: relation "shop_book" does not exist
LINE 1: SELECT COUNT(*) AS "__count" FROM "shop_book"
                                          ^
INFO 2026-06-12 11:43:53,195 middleware ⬅️ Response: GET / Status: 500 Time: 0.0373s
ERROR 2026-06-12 11:43:53,228 log "GET / HTTP/1.1" 500 193711
INFO 2026-06-12 11:43:53,231 basehttp - Broken pipe from ('127.0.0.1', 39504)
INFO 2026-06-12 11:44:13,271 middleware ➡️ Request: GET /
ERROR 2026-06-12 11:44:13,304 log Internal Server Error: /
Traceback (most recent call last):
  File "/usr/local/lib/python3.14/site-packages/django/db/backends/utils.py", line 105, in _execute
    return self.cursor.execute(sql, params)
           ~~~~~~~~~~~~~~~~~~~^^^^^^^^^^^^^
  File "/usr/local/lib/python3.14/site-packages/psycopg/cursor.py", line 117, in execute
    raise ex.with_traceback(None)
psycopg.errors.UndefinedTable: relation "shop_book" does not exist
LINE 1: SELECT COUNT(*) AS "__count" FROM "shop_book"
                                          ^

The above exception was the direct cause of the following exception:

Traceback (most recent call last):
  File "/usr/local/lib/python3.14/site-packages/django/core/handlers/exception.py", line 55, in inner
    response = get_response(request)
  File "/usr/local/lib/python3.14/site-packages/django/core/handlers/base.py", line 198, in _get_response
    response = wrapped_callback(request, *callback_args, **callback_kwargs)
  File "/usr/local/lib/python3.14/site-packages/django/views/generic/base.py", line 106, in view
    return self.dispatch(request, *args, **kwargs)
           ~~~~~~~~~~~~~^^^^^^^^^^^^^^^^^^^^^^^^^^
  File "/usr/local/lib/python3.14/site-packages/django/views/generic/base.py", line 145, in dispatch
    return handler(request, *args, **kwargs)
  File "/usr/local/lib/python3.14/site-packages/django/views/generic/list.py", line 178, in get
    context = self.get_context_data()
  File "/usr/local/lib/python3.14/site-packages/django/views/generic/list.py", line 128, in get_context_data
    paginator, page, queryset, is_paginated = self.paginate_queryset(
                                              ~~~~~~~~~~~~~~~~~~~~~~^
        queryset, page_size
        ^^^^^^^^^^^^^^^^^^^
    )
    ^
  File "/usr/local/lib/python3.14/site-packages/django/views/generic/list.py", line 73, in paginate_queryset
    page = paginator.page(page_number)
  File "/usr/local/lib/python3.14/site-packages/django/core/paginator.py", line 177, in page
    number = self.validate_number(number)
  File "/usr/local/lib/python3.14/site-packages/django/core/paginator.py", line 160, in validate_number
    return self._validate_number(number, self.num_pages)
                                         ^^^^^^^^^^^^^^
  File "/usr/local/lib/python3.14/site-packages/django/utils/functional.py", line 47, in __get__
    res = instance.__dict__[self.name] = self.func(instance)
                                         ~~~~~~~~~^^^^^^^^^^
  File "/usr/local/lib/python3.14/site-packages/django/core/paginator.py", line 195, in num_pages
    if self.count == 0 and not self.allow_empty_first_page:
       ^^^^^^^^^^
  File "/usr/local/lib/python3.14/site-packages/django/utils/functional.py", line 47, in __get__
    res = instance.__dict__[self.name] = self.func(instance)
                                         ~~~~~~~~~^^^^^^^^^^
  File "/usr/local/lib/python3.14/site-packages/django/core/paginator.py", line 189, in count
    return c()
  File "/usr/local/lib/python3.14/site-packages/django/db/models/query.py", line 610, in count
    return self.query.get_count(using=self.db)
           ~~~~~~~~~~~~~~~~~~~~^^^^^^^^^^^^^^^
  File "/usr/local/lib/python3.14/site-packages/django/db/models/sql/query.py", line 656, in get_count
    return obj.get_aggregation(using, {"__count": Count("*")})["__count"]
           ~~~~~~~~~~~~~~~~~~~^^^^^^^^^^^^^^^^^^^^^^^^^^^^^^^^
  File "/usr/local/lib/python3.14/site-packages/django/db/models/sql/query.py", line 638, in get_aggregation
    result = compiler.execute_sql(SINGLE)
  File "/usr/local/lib/python3.14/site-packages/django/db/models/sql/compiler.py", line 1624, in execute_sql
    cursor.execute(sql, params)
    ~~~~~~~~~~~~~~^^^^^^^^^^^^^
  File "/usr/local/lib/python3.14/site-packages/debug_toolbar/panels/sql/tracking.py", line 243, in execute
    return self._record(super().execute, sql, params)
           ~~~~~~~~~~~~^^^^^^^^^^^^^^^^^^^^^^^^^^^^^^
  File "/usr/local/lib/python3.14/site-packages/debug_toolbar/panels/sql/tracking.py", line 164, in _record
    return method(sql, params)
  File "/usr/local/lib/python3.14/site-packages/django/db/backends/utils.py", line 122, in execute
    return super().execute(sql, params)
           ~~~~~~~~~~~~~~~^^^^^^^^^^^^^
  File "/usr/local/lib/python3.14/site-packages/django/db/backends/utils.py", line 79, in execute
    return self._execute_with_wrappers(
           ~~~~~~~~~~~~~~~~~~~~~~~~~~~^
        sql, params, many=False, executor=self._execute
        ^^^^^^^^^^^^^^^^^^^^^^^^^^^^^^^^^^^^^^^^^^^^^^^
    )
    ^
  File "/usr/local/lib/python3.14/site-packages/django/db/backends/utils.py", line 92, in _execute_with_wrappers
    return executor(sql, params, many, context)
  File "/usr/local/lib/python3.14/site-packages/django/db/backends/utils.py", line 100, in _execute
    with self.db.wrap_database_errors:
         ^^^^^^^^^^^^^^^^^^^^^^^^^^^^
  File "/usr/local/lib/python3.14/site-packages/django/db/utils.py", line 94, in __exit__
    raise dj_exc_value.with_traceback(traceback) from exc_value
  File "/usr/local/lib/python3.14/site-packages/django/db/backends/utils.py", line 105, in _execute
    return self.cursor.execute(sql, params)
           ~~~~~~~~~~~~~~~~~~~^^^^^^^^^^^^^
  File "/usr/local/lib/python3.14/site-packages/psycopg/cursor.py", line 117, in execute
    raise ex.with_traceback(None)
django.db.utils.ProgrammingError: relation "shop_book" does not exist
LINE 1: SELECT COUNT(*) AS "__count" FROM "shop_book"
                                          ^
INFO 2026-06-12 11:44:13,310 middleware ⬅️ Response: GET / Status: 500 Time: 0.0395s
ERROR 2026-06-12 11:44:13,345 log "GET / HTTP/1.1" 500 193712
INFO 2026-06-12 11:44:13,348 basehttp - Broken pipe from ('127.0.0.1', 53696)
INFO 2026-06-12 11:44:33,395 middleware ➡️ Request: GET /
ERROR 2026-06-12 11:44:33,433 log Internal Server Error: /
Traceback (most recent call last):
  File "/usr/local/lib/python3.14/site-packages/django/db/backends/utils.py", line 105, in _execute
    return self.cursor.execute(sql, params)
           ~~~~~~~~~~~~~~~~~~~^^^^^^^^^^^^^
  File "/usr/local/lib/python3.14/site-packages/psycopg/cursor.py", line 117, in execute
    raise ex.with_traceback(None)
psycopg.errors.UndefinedTable: relation "shop_book" does not exist
LINE 1: SELECT COUNT(*) AS "__count" FROM "shop_book"
                                          ^

The above exception was the direct cause of the following exception:

Traceback (most recent call last):
  File "/usr/local/lib/python3.14/site-packages/django/core/handlers/exception.py", line 55, in inner
    response = get_response(request)
  File "/usr/local/lib/python3.14/site-packages/django/core/handlers/base.py", line 198, in _get_response
    response = wrapped_callback(request, *callback_args, **callback_kwargs)
  File "/usr/local/lib/python3.14/site-packages/django/views/generic/base.py", line 106, in view
    return self.dispatch(request, *args, **kwargs)
           ~~~~~~~~~~~~~^^^^^^^^^^^^^^^^^^^^^^^^^^
  File "/usr/local/lib/python3.14/site-packages/django/views/generic/base.py", line 145, in dispatch
    return handler(request, *args, **kwargs)
  File "/usr/local/lib/python3.14/site-packages/django/views/generic/list.py", line 178, in get
    context = self.get_context_data()
  File "/usr/local/lib/python3.14/site-packages/django/views/generic/list.py", line 128, in get_context_data
    paginator, page, queryset, is_paginated = self.paginate_queryset(
                                              ~~~~~~~~~~~~~~~~~~~~~~^
        queryset, page_size
        ^^^^^^^^^^^^^^^^^^^
    )
    ^
  File "/usr/local/lib/python3.14/site-packages/django/views/generic/list.py", line 73, in paginate_queryset
    page = paginator.page(page_number)
  File "/usr/local/lib/python3.14/site-packages/django/core/paginator.py", line 177, in page
    number = self.validate_number(number)
  File "/usr/local/lib/python3.14/site-packages/django/core/paginator.py", line 160, in validate_number
    return self._validate_number(number, self.num_pages)
                                         ^^^^^^^^^^^^^^
  File "/usr/local/lib/python3.14/site-packages/django/utils/functional.py", line 47, in __get__
    res = instance.__dict__[self.name] = self.func(instance)
                                         ~~~~~~~~~^^^^^^^^^^
  File "/usr/local/lib/python3.14/site-packages/django/core/paginator.py", line 195, in num_pages
    if self.count == 0 and not self.allow_empty_first_page:
       ^^^^^^^^^^
  File "/usr/local/lib/python3.14/site-packages/django/utils/functional.py", line 47, in __get__
    res = instance.__dict__[self.name] = self.func(instance)
                                         ~~~~~~~~~^^^^^^^^^^
  File "/usr/local/lib/python3.14/site-packages/django/core/paginator.py", line 189, in count
    return c()
  File "/usr/local/lib/python3.14/site-packages/django/db/models/query.py", line 610, in count
    return self.query.get_count(using=self.db)
           ~~~~~~~~~~~~~~~~~~~~^^^^^^^^^^^^^^^
  File "/usr/local/lib/python3.14/site-packages/django/db/models/sql/query.py", line 656, in get_count
    return obj.get_aggregation(using, {"__count": Count("*")})["__count"]
           ~~~~~~~~~~~~~~~~~~~^^^^^^^^^^^^^^^^^^^^^^^^^^^^^^^^
  File "/usr/local/lib/python3.14/site-packages/django/db/models/sql/query.py", line 638, in get_aggregation
    result = compiler.execute_sql(SINGLE)
  File "/usr/local/lib/python3.14/site-packages/django/db/models/sql/compiler.py", line 1624, in execute_sql
    cursor.execute(sql, params)
    ~~~~~~~~~~~~~~^^^^^^^^^^^^^
  File "/usr/local/lib/python3.14/site-packages/debug_toolbar/panels/sql/tracking.py", line 243, in execute
    return self._record(super().execute, sql, params)
           ~~~~~~~~~~~~^^^^^^^^^^^^^^^^^^^^^^^^^^^^^^
  File "/usr/local/lib/python3.14/site-packages/debug_toolbar/panels/sql/tracking.py", line 164, in _record
    return method(sql, params)
  File "/usr/local/lib/python3.14/site-packages/django/db/backends/utils.py", line 122, in execute
    return super().execute(sql, params)
           ~~~~~~~~~~~~~~~^^^^^^^^^^^^^
  File "/usr/local/lib/python3.14/site-packages/django/db/backends/utils.py", line 79, in execute
    return self._execute_with_wrappers(
           ~~~~~~~~~~~~~~~~~~~~~~~~~~~^
        sql, params, many=False, executor=self._execute
        ^^^^^^^^^^^^^^^^^^^^^^^^^^^^^^^^^^^^^^^^^^^^^^^
    )
    ^
  File "/usr/local/lib/python3.14/site-packages/django/db/backends/utils.py", line 92, in _execute_with_wrappers
    return executor(sql, params, many, context)
  File "/usr/local/lib/python3.14/site-packages/django/db/backends/utils.py", line 100, in _execute
    with self.db.wrap_database_errors:
         ^^^^^^^^^^^^^^^^^^^^^^^^^^^^
  File "/usr/local/lib/python3.14/site-packages/django/db/utils.py", line 94, in __exit__
    raise dj_exc_value.with_traceback(traceback) from exc_value
  File "/usr/local/lib/python3.14/site-packages/django/db/backends/utils.py", line 105, in _execute
    return self.cursor.execute(sql, params)
           ~~~~~~~~~~~~~~~~~~~^^^^^^^^^^^^^
  File "/usr/local/lib/python3.14/site-packages/psycopg/cursor.py", line 117, in execute
    raise ex.with_traceback(None)
django.db.utils.ProgrammingError: relation "shop_book" does not exist
LINE 1: SELECT COUNT(*) AS "__count" FROM "shop_book"
                                          ^
INFO 2026-06-12 11:44:33,438 middleware ⬅️ Response: GET / Status: 500 Time: 0.043s
ERROR 2026-06-12 11:44:33,476 log "GET / HTTP/1.1" 500 193714
INFO 2026-06-12 11:44:33,479 basehttp - Broken pipe from ('127.0.0.1', 60330)
INFO 2026-06-12 11:44:53,521 middleware ➡️ Request: GET /
ERROR 2026-06-12 11:44:53,553 log Internal Server Error: /
Traceback (most recent call last):
  File "/usr/local/lib/python3.14/site-packages/django/db/backends/utils.py", line 105, in _execute
    return self.cursor.execute(sql, params)
           ~~~~~~~~~~~~~~~~~~~^^^^^^^^^^^^^
  File "/usr/local/lib/python3.14/site-packages/psycopg/cursor.py", line 117, in execute
    raise ex.with_traceback(None)
psycopg.errors.UndefinedTable: relation "shop_book" does not exist
LINE 1: SELECT COUNT(*) AS "__count" FROM "shop_book"
                                          ^

The above exception was the direct cause of the following exception:

Traceback (most recent call last):
  File "/usr/local/lib/python3.14/site-packages/django/core/handlers/exception.py", line 55, in inner
    response = get_response(request)
  File "/usr/local/lib/python3.14/site-packages/django/core/handlers/base.py", line 198, in _get_response
    response = wrapped_callback(request, *callback_args, **callback_kwargs)
  File "/usr/local/lib/python3.14/site-packages/django/views/generic/base.py", line 106, in view
    return self.dispatch(request, *args, **kwargs)
           ~~~~~~~~~~~~~^^^^^^^^^^^^^^^^^^^^^^^^^^
  File "/usr/local/lib/python3.14/site-packages/django/views/generic/base.py", line 145, in dispatch
    return handler(request, *args, **kwargs)
  File "/usr/local/lib/python3.14/site-packages/django/views/generic/list.py", line 178, in get
    context = self.get_context_data()
  File "/usr/local/lib/python3.14/site-packages/django/views/generic/list.py", line 128, in get_context_data
    paginator, page, queryset, is_paginated = self.paginate_queryset(
                                              ~~~~~~~~~~~~~~~~~~~~~~^
        queryset, page_size
        ^^^^^^^^^^^^^^^^^^^
    )
    ^
  File "/usr/local/lib/python3.14/site-packages/django/views/generic/list.py", line 73, in paginate_queryset
    page = paginator.page(page_number)
  File "/usr/local/lib/python3.14/site-packages/django/core/paginator.py", line 177, in page
    number = self.validate_number(number)
  File "/usr/local/lib/python3.14/site-packages/django/core/paginator.py", line 160, in validate_number
    return self._validate_number(number, self.num_pages)
                                         ^^^^^^^^^^^^^^
  File "/usr/local/lib/python3.14/site-packages/django/utils/functional.py", line 47, in __get__
    res = instance.__dict__[self.name] = self.func(instance)
                                         ~~~~~~~~~^^^^^^^^^^
  File "/usr/local/lib/python3.14/site-packages/django/core/paginator.py", line 195, in num_pages
    if self.count == 0 and not self.allow_empty_first_page:
       ^^^^^^^^^^
  File "/usr/local/lib/python3.14/site-packages/django/utils/functional.py", line 47, in __get__
    res = instance.__dict__[self.name] = self.func(instance)
                                         ~~~~~~~~~^^^^^^^^^^
  File "/usr/local/lib/python3.14/site-packages/django/core/paginator.py", line 189, in count
    return c()
  File "/usr/local/lib/python3.14/site-packages/django/db/models/query.py", line 610, in count
    return self.query.get_count(using=self.db)
           ~~~~~~~~~~~~~~~~~~~~^^^^^^^^^^^^^^^
  File "/usr/local/lib/python3.14/site-packages/django/db/models/sql/query.py", line 656, in get_count
    return obj.get_aggregation(using, {"__count": Count("*")})["__count"]
           ~~~~~~~~~~~~~~~~~~~^^^^^^^^^^^^^^^^^^^^^^^^^^^^^^^^
  File "/usr/local/lib/python3.14/site-packages/django/db/models/sql/query.py", line 638, in get_aggregation
    result = compiler.execute_sql(SINGLE)
  File "/usr/local/lib/python3.14/site-packages/django/db/models/sql/compiler.py", line 1624, in execute_sql
    cursor.execute(sql, params)
    ~~~~~~~~~~~~~~^^^^^^^^^^^^^
  File "/usr/local/lib/python3.14/site-packages/debug_toolbar/panels/sql/tracking.py", line 243, in execute
    return self._record(super().execute, sql, params)
           ~~~~~~~~~~~~^^^^^^^^^^^^^^^^^^^^^^^^^^^^^^
  File "/usr/local/lib/python3.14/site-packages/debug_toolbar/panels/sql/tracking.py", line 164, in _record
    return method(sql, params)
  File "/usr/local/lib/python3.14/site-packages/django/db/backends/utils.py", line 122, in execute
    return super().execute(sql, params)
           ~~~~~~~~~~~~~~~^^^^^^^^^^^^^
  File "/usr/local/lib/python3.14/site-packages/django/db/backends/utils.py", line 79, in execute
    return self._execute_with_wrappers(
           ~~~~~~~~~~~~~~~~~~~~~~~~~~~^
        sql, params, many=False, executor=self._execute
        ^^^^^^^^^^^^^^^^^^^^^^^^^^^^^^^^^^^^^^^^^^^^^^^
    )
    ^
  File "/usr/local/lib/python3.14/site-packages/django/db/backends/utils.py", line 92, in _execute_with_wrappers
    return executor(sql, params, many, context)
  File "/usr/local/lib/python3.14/site-packages/django/db/backends/utils.py", line 100, in _execute
    with self.db.wrap_database_errors:
         ^^^^^^^^^^^^^^^^^^^^^^^^^^^^
  File "/usr/local/lib/python3.14/site-packages/django/db/utils.py", line 94, in __exit__
    raise dj_exc_value.with_traceback(traceback) from exc_value
  File "/usr/local/lib/python3.14/site-packages/django/db/backends/utils.py", line 105, in _execute
    return self.cursor.execute(sql, params)
           ~~~~~~~~~~~~~~~~~~~^^^^^^^^^^^^^
  File "/usr/local/lib/python3.14/site-packages/psycopg/cursor.py", line 117, in execute
    raise ex.with_traceback(None)
django.db.utils.ProgrammingError: relation "shop_book" does not exist
LINE 1: SELECT COUNT(*) AS "__count" FROM "shop_book"
                                          ^
INFO 2026-06-12 11:44:53,558 middleware ⬅️ Response: GET / Status: 500 Time: 0.0368s
ERROR 2026-06-12 11:44:53,593 log "GET / HTTP/1.1" 500 193716
INFO 2026-06-12 11:44:53,599 basehttp - Broken pipe from ('127.0.0.1', 47282)
INFO 2026-06-12 11:45:13,651 middleware ➡️ Request: GET /
ERROR 2026-06-12 11:45:13,691 log Internal Server Error: /
Traceback (most recent call last):
  File "/usr/local/lib/python3.14/site-packages/django/db/backends/utils.py", line 105, in _execute
    return self.cursor.execute(sql, params)
           ~~~~~~~~~~~~~~~~~~~^^^^^^^^^^^^^
  File "/usr/local/lib/python3.14/site-packages/psycopg/cursor.py", line 117, in execute
    raise ex.with_traceback(None)
psycopg.errors.UndefinedTable: relation "shop_book" does not exist
LINE 1: SELECT COUNT(*) AS "__count" FROM "shop_book"
                                          ^

The above exception was the direct cause of the following exception:

Traceback (most recent call last):
  File "/usr/local/lib/python3.14/site-packages/django/core/handlers/exception.py", line 55, in inner
    response = get_response(request)
  File "/usr/local/lib/python3.14/site-packages/django/core/handlers/base.py", line 198, in _get_response
    response = wrapped_callback(request, *callback_args, **callback_kwargs)
  File "/usr/local/lib/python3.14/site-packages/django/views/generic/base.py", line 106, in view
    return self.dispatch(request, *args, **kwargs)
           ~~~~~~~~~~~~~^^^^^^^^^^^^^^^^^^^^^^^^^^
  File "/usr/local/lib/python3.14/site-packages/django/views/generic/base.py", line 145, in dispatch
    return handler(request, *args, **kwargs)
  File "/usr/local/lib/python3.14/site-packages/django/views/generic/list.py", line 178, in get
    context = self.get_context_data()
  File "/usr/local/lib/python3.14/site-packages/django/views/generic/list.py", line 128, in get_context_data
    paginator, page, queryset, is_paginated = self.paginate_queryset(
                                              ~~~~~~~~~~~~~~~~~~~~~~^
        queryset, page_size
        ^^^^^^^^^^^^^^^^^^^
    )
    ^
  File "/usr/local/lib/python3.14/site-packages/django/views/generic/list.py", line 73, in paginate_queryset
    page = paginator.page(page_number)
  File "/usr/local/lib/python3.14/site-packages/django/core/paginator.py", line 177, in page
    number = self.validate_number(number)
  File "/usr/local/lib/python3.14/site-packages/django/core/paginator.py", line 160, in validate_number
    return self._validate_number(number, self.num_pages)
                                         ^^^^^^^^^^^^^^
  File "/usr/local/lib/python3.14/site-packages/django/utils/functional.py", line 47, in __get__
    res = instance.__dict__[self.name] = self.func(instance)
                                         ~~~~~~~~~^^^^^^^^^^
  File "/usr/local/lib/python3.14/site-packages/django/core/paginator.py", line 195, in num_pages
    if self.count == 0 and not self.allow_empty_first_page:
       ^^^^^^^^^^
  File "/usr/local/lib/python3.14/site-packages/django/utils/functional.py", line 47, in __get__
    res = instance.__dict__[self.name] = self.func(instance)
                                         ~~~~~~~~~^^^^^^^^^^
  File "/usr/local/lib/python3.14/site-packages/django/core/paginator.py", line 189, in count
    return c()
  File "/usr/local/lib/python3.14/site-packages/django/db/models/query.py", line 610, in count
    return self.query.get_count(using=self.db)
           ~~~~~~~~~~~~~~~~~~~~^^^^^^^^^^^^^^^
  File "/usr/local/lib/python3.14/site-packages/django/db/models/sql/query.py", line 656, in get_count
    return obj.get_aggregation(using, {"__count": Count("*")})["__count"]
           ~~~~~~~~~~~~~~~~~~~^^^^^^^^^^^^^^^^^^^^^^^^^^^^^^^^
  File "/usr/local/lib/python3.14/site-packages/django/db/models/sql/query.py", line 638, in get_aggregation
    result = compiler.execute_sql(SINGLE)
  File "/usr/local/lib/python3.14/site-packages/django/db/models/sql/compiler.py", line 1624, in execute_sql
    cursor.execute(sql, params)
    ~~~~~~~~~~~~~~^^^^^^^^^^^^^
  File "/usr/local/lib/python3.14/site-packages/debug_toolbar/panels/sql/tracking.py", line 243, in execute
    return self._record(super().execute, sql, params)
           ~~~~~~~~~~~~^^^^^^^^^^^^^^^^^^^^^^^^^^^^^^
  File "/usr/local/lib/python3.14/site-packages/debug_toolbar/panels/sql/tracking.py", line 164, in _record
    return method(sql, params)
  File "/usr/local/lib/python3.14/site-packages/django/db/backends/utils.py", line 122, in execute
    return super().execute(sql, params)
           ~~~~~~~~~~~~~~~^^^^^^^^^^^^^
  File "/usr/local/lib/python3.14/site-packages/django/db/backends/utils.py", line 79, in execute
    return self._execute_with_wrappers(
           ~~~~~~~~~~~~~~~~~~~~~~~~~~~^
        sql, params, many=False, executor=self._execute
        ^^^^^^^^^^^^^^^^^^^^^^^^^^^^^^^^^^^^^^^^^^^^^^^
    )
    ^
  File "/usr/local/lib/python3.14/site-packages/django/db/backends/utils.py", line 92, in _execute_with_wrappers
    return executor(sql, params, many, context)
  File "/usr/local/lib/python3.14/site-packages/django/db/backends/utils.py", line 100, in _execute
    with self.db.wrap_database_errors:
         ^^^^^^^^^^^^^^^^^^^^^^^^^^^^
  File "/usr/local/lib/python3.14/site-packages/django/db/utils.py", line 94, in __exit__
    raise dj_exc_value.with_traceback(traceback) from exc_value
  File "/usr/local/lib/python3.14/site-packages/django/db/backends/utils.py", line 105, in _execute
    return self.cursor.execute(sql, params)
           ~~~~~~~~~~~~~~~~~~~^^^^^^^^^^^^^
  File "/usr/local/lib/python3.14/site-packages/psycopg/cursor.py", line 117, in execute
    raise ex.with_traceback(None)
django.db.utils.ProgrammingError: relation "shop_book" does not exist
LINE 1: SELECT COUNT(*) AS "__count" FROM "shop_book"
                                          ^
INFO 2026-06-12 11:45:13,698 middleware ⬅️ Response: GET / Status: 500 Time: 0.0468s
ERROR 2026-06-12 11:45:13,731 log "GET / HTTP/1.1" 500 193716
INFO 2026-06-12 11:45:13,734 basehttp - Broken pipe from ('127.0.0.1', 33284)
INFO 2026-06-12 11:45:33,777 middleware ➡️ Request: GET /
ERROR 2026-06-12 11:45:33,811 log Internal Server Error: /
Traceback (most recent call last):
  File "/usr/local/lib/python3.14/site-packages/django/db/backends/utils.py", line 105, in _execute
    return self.cursor.execute(sql, params)
           ~~~~~~~~~~~~~~~~~~~^^^^^^^^^^^^^
  File "/usr/local/lib/python3.14/site-packages/psycopg/cursor.py", line 117, in execute
    raise ex.with_traceback(None)
psycopg.errors.UndefinedTable: relation "shop_book" does not exist
LINE 1: SELECT COUNT(*) AS "__count" FROM "shop_book"
                                          ^

The above exception was the direct cause of the following exception:

Traceback (most recent call last):
  File "/usr/local/lib/python3.14/site-packages/django/core/handlers/exception.py", line 55, in inner
    response = get_response(request)
  File "/usr/local/lib/python3.14/site-packages/django/core/handlers/base.py", line 198, in _get_response
    response = wrapped_callback(request, *callback_args, **callback_kwargs)
  File "/usr/local/lib/python3.14/site-packages/django/views/generic/base.py", line 106, in view
    return self.dispatch(request, *args, **kwargs)
           ~~~~~~~~~~~~~^^^^^^^^^^^^^^^^^^^^^^^^^^
  File "/usr/local/lib/python3.14/site-packages/django/views/generic/base.py", line 145, in dispatch
    return handler(request, *args, **kwargs)
  File "/usr/local/lib/python3.14/site-packages/django/views/generic/list.py", line 178, in get
    context = self.get_context_data()
  File "/usr/local/lib/python3.14/site-packages/django/views/generic/list.py", line 128, in get_context_data
    paginator, page, queryset, is_paginated = self.paginate_queryset(
                                              ~~~~~~~~~~~~~~~~~~~~~~^
        queryset, page_size
        ^^^^^^^^^^^^^^^^^^^
    )
    ^
  File "/usr/local/lib/python3.14/site-packages/django/views/generic/list.py", line 73, in paginate_queryset
    page = paginator.page(page_number)
  File "/usr/local/lib/python3.14/site-packages/django/core/paginator.py", line 177, in page
    number = self.validate_number(number)
  File "/usr/local/lib/python3.14/site-packages/django/core/paginator.py", line 160, in validate_number
    return self._validate_number(number, self.num_pages)
                                         ^^^^^^^^^^^^^^
  File "/usr/local/lib/python3.14/site-packages/django/utils/functional.py", line 47, in __get__
    res = instance.__dict__[self.name] = self.func(instance)
                                         ~~~~~~~~~^^^^^^^^^^
  File "/usr/local/lib/python3.14/site-packages/django/core/paginator.py", line 195, in num_pages
    if self.count == 0 and not self.allow_empty_first_page:
       ^^^^^^^^^^
  File "/usr/local/lib/python3.14/site-packages/django/utils/functional.py", line 47, in __get__
    res = instance.__dict__[self.name] = self.func(instance)
                                         ~~~~~~~~~^^^^^^^^^^
  File "/usr/local/lib/python3.14/site-packages/django/core/paginator.py", line 189, in count
    return c()
  File "/usr/local/lib/python3.14/site-packages/django/db/models/query.py", line 610, in count
    return self.query.get_count(using=self.db)
           ~~~~~~~~~~~~~~~~~~~~^^^^^^^^^^^^^^^
  File "/usr/local/lib/python3.14/site-packages/django/db/models/sql/query.py", line 656, in get_count
    return obj.get_aggregation(using, {"__count": Count("*")})["__count"]
           ~~~~~~~~~~~~~~~~~~~^^^^^^^^^^^^^^^^^^^^^^^^^^^^^^^^
  File "/usr/local/lib/python3.14/site-packages/django/db/models/sql/query.py", line 638, in get_aggregation
    result = compiler.execute_sql(SINGLE)
  File "/usr/local/lib/python3.14/site-packages/django/db/models/sql/compiler.py", line 1624, in execute_sql
    cursor.execute(sql, params)
    ~~~~~~~~~~~~~~^^^^^^^^^^^^^
  File "/usr/local/lib/python3.14/site-packages/debug_toolbar/panels/sql/tracking.py", line 243, in execute
    return self._record(super().execute, sql, params)
           ~~~~~~~~~~~~^^^^^^^^^^^^^^^^^^^^^^^^^^^^^^
  File "/usr/local/lib/python3.14/site-packages/debug_toolbar/panels/sql/tracking.py", line 164, in _record
    return method(sql, params)
  File "/usr/local/lib/python3.14/site-packages/django/db/backends/utils.py", line 122, in execute
    return super().execute(sql, params)
           ~~~~~~~~~~~~~~~^^^^^^^^^^^^^
  File "/usr/local/lib/python3.14/site-packages/django/db/backends/utils.py", line 79, in execute
    return self._execute_with_wrappers(
           ~~~~~~~~~~~~~~~~~~~~~~~~~~~^
        sql, params, many=False, executor=self._execute
        ^^^^^^^^^^^^^^^^^^^^^^^^^^^^^^^^^^^^^^^^^^^^^^^
    )
    ^
  File "/usr/local/lib/python3.14/site-packages/django/db/backends/utils.py", line 92, in _execute_with_wrappers
    return executor(sql, params, many, context)
  File "/usr/local/lib/python3.14/site-packages/django/db/backends/utils.py", line 100, in _execute
    with self.db.wrap_database_errors:
         ^^^^^^^^^^^^^^^^^^^^^^^^^^^^
  File "/usr/local/lib/python3.14/site-packages/django/db/utils.py", line 94, in __exit__
    raise dj_exc_value.with_traceback(traceback) from exc_value
  File "/usr/local/lib/python3.14/site-packages/django/db/backends/utils.py", line 105, in _execute
    return self.cursor.execute(sql, params)
           ~~~~~~~~~~~~~~~~~~~^^^^^^^^^^^^^
  File "/usr/local/lib/python3.14/site-packages/psycopg/cursor.py", line 117, in execute
    raise ex.with_traceback(None)
django.db.utils.ProgrammingError: relation "shop_book" does not exist
LINE 1: SELECT COUNT(*) AS "__count" FROM "shop_book"
                                          ^
INFO 2026-06-12 11:45:33,817 middleware ⬅️ Response: GET / Status: 500 Time: 0.0391s
ERROR 2026-06-12 11:45:33,850 log "GET / HTTP/1.1" 500 193714
INFO 2026-06-12 11:45:33,855 basehttp - Broken pipe from ('127.0.0.1', 39680)
INFO 2026-06-12 11:45:53,903 middleware ➡️ Request: GET /
ERROR 2026-06-12 11:45:53,936 log Internal Server Error: /
Traceback (most recent call last):
  File "/usr/local/lib/python3.14/site-packages/django/db/backends/utils.py", line 105, in _execute
    return self.cursor.execute(sql, params)
           ~~~~~~~~~~~~~~~~~~~^^^^^^^^^^^^^
  File "/usr/local/lib/python3.14/site-packages/psycopg/cursor.py", line 117, in execute
    raise ex.with_traceback(None)
psycopg.errors.UndefinedTable: relation "shop_book" does not exist
LINE 1: SELECT COUNT(*) AS "__count" FROM "shop_book"
                                          ^

The above exception was the direct cause of the following exception:

Traceback (most recent call last):
  File "/usr/local/lib/python3.14/site-packages/django/core/handlers/exception.py", line 55, in inner
    response = get_response(request)
  File "/usr/local/lib/python3.14/site-packages/django/core/handlers/base.py", line 198, in _get_response
    response = wrapped_callback(request, *callback_args, **callback_kwargs)
  File "/usr/local/lib/python3.14/site-packages/django/views/generic/base.py", line 106, in view
    return self.dispatch(request, *args, **kwargs)
           ~~~~~~~~~~~~~^^^^^^^^^^^^^^^^^^^^^^^^^^
  File "/usr/local/lib/python3.14/site-packages/django/views/generic/base.py", line 145, in dispatch
    return handler(request, *args, **kwargs)
  File "/usr/local/lib/python3.14/site-packages/django/views/generic/list.py", line 178, in get
    context = self.get_context_data()
  File "/usr/local/lib/python3.14/site-packages/django/views/generic/list.py", line 128, in get_context_data
    paginator, page, queryset, is_paginated = self.paginate_queryset(
                                              ~~~~~~~~~~~~~~~~~~~~~~^
        queryset, page_size
        ^^^^^^^^^^^^^^^^^^^
    )
    ^
  File "/usr/local/lib/python3.14/site-packages/django/views/generic/list.py", line 73, in paginate_queryset
    page = paginator.page(page_number)
  File "/usr/local/lib/python3.14/site-packages/django/core/paginator.py", line 177, in page
    number = self.validate_number(number)
  File "/usr/local/lib/python3.14/site-packages/django/core/paginator.py", line 160, in validate_number
    return self._validate_number(number, self.num_pages)
                                         ^^^^^^^^^^^^^^
  File "/usr/local/lib/python3.14/site-packages/django/utils/functional.py", line 47, in __get__
    res = instance.__dict__[self.name] = self.func(instance)
                                         ~~~~~~~~~^^^^^^^^^^
  File "/usr/local/lib/python3.14/site-packages/django/core/paginator.py", line 195, in num_pages
    if self.count == 0 and not self.allow_empty_first_page:
       ^^^^^^^^^^
  File "/usr/local/lib/python3.14/site-packages/django/utils/functional.py", line 47, in __get__
    res = instance.__dict__[self.name] = self.func(instance)
                                         ~~~~~~~~~^^^^^^^^^^
  File "/usr/local/lib/python3.14/site-packages/django/core/paginator.py", line 189, in count
    return c()
  File "/usr/local/lib/python3.14/site-packages/django/db/models/query.py", line 610, in count
    return self.query.get_count(using=self.db)
           ~~~~~~~~~~~~~~~~~~~~^^^^^^^^^^^^^^^
  File "/usr/local/lib/python3.14/site-packages/django/db/models/sql/query.py", line 656, in get_count
    return obj.get_aggregation(using, {"__count": Count("*")})["__count"]
           ~~~~~~~~~~~~~~~~~~~^^^^^^^^^^^^^^^^^^^^^^^^^^^^^^^^
  File "/usr/local/lib/python3.14/site-packages/django/db/models/sql/query.py", line 638, in get_aggregation
    result = compiler.execute_sql(SINGLE)
  File "/usr/local/lib/python3.14/site-packages/django/db/models/sql/compiler.py", line 1624, in execute_sql
    cursor.execute(sql, params)
    ~~~~~~~~~~~~~~^^^^^^^^^^^^^
  File "/usr/local/lib/python3.14/site-packages/debug_toolbar/panels/sql/tracking.py", line 243, in execute
    return self._record(super().execute, sql, params)
           ~~~~~~~~~~~~^^^^^^^^^^^^^^^^^^^^^^^^^^^^^^
  File "/usr/local/lib/python3.14/site-packages/debug_toolbar/panels/sql/tracking.py", line 164, in _record
    return method(sql, params)
  File "/usr/local/lib/python3.14/site-packages/django/db/backends/utils.py", line 122, in execute
    return super().execute(sql, params)
           ~~~~~~~~~~~~~~~^^^^^^^^^^^^^
  File "/usr/local/lib/python3.14/site-packages/django/db/backends/utils.py", line 79, in execute
    return self._execute_with_wrappers(
           ~~~~~~~~~~~~~~~~~~~~~~~~~~~^
        sql, params, many=False, executor=self._execute
        ^^^^^^^^^^^^^^^^^^^^^^^^^^^^^^^^^^^^^^^^^^^^^^^
    )
    ^
  File "/usr/local/lib/python3.14/site-packages/django/db/backends/utils.py", line 92, in _execute_with_wrappers
    return executor(sql, params, many, context)
  File "/usr/local/lib/python3.14/site-packages/django/db/backends/utils.py", line 100, in _execute
    with self.db.wrap_database_errors:
         ^^^^^^^^^^^^^^^^^^^^^^^^^^^^
  File "/usr/local/lib/python3.14/site-packages/django/db/utils.py", line 94, in __exit__
    raise dj_exc_value.with_traceback(traceback) from exc_value
  File "/usr/local/lib/python3.14/site-packages/django/db/backends/utils.py", line 105, in _execute
    return self.cursor.execute(sql, params)
           ~~~~~~~~~~~~~~~~~~~^^^^^^^^^^^^^
  File "/usr/local/lib/python3.14/site-packages/psycopg/cursor.py", line 117, in execute
    raise ex.with_traceback(None)
django.db.utils.ProgrammingError: relation "shop_book" does not exist
LINE 1: SELECT COUNT(*) AS "__count" FROM "shop_book"
                                          ^
INFO 2026-06-12 11:45:53,941 middleware ⬅️ Response: GET / Status: 500 Time: 0.0379s
ERROR 2026-06-12 11:45:53,974 log "GET / HTTP/1.1" 500 193714
INFO 2026-06-12 11:45:53,976 basehttp - Broken pipe from ('127.0.0.1', 59156)
INFO 2026-06-12 11:46:14,020 middleware ➡️ Request: GET /
ERROR 2026-06-12 11:46:14,054 log Internal Server Error: /
Traceback (most recent call last):
  File "/usr/local/lib/python3.14/site-packages/django/db/backends/utils.py", line 105, in _execute
    return self.cursor.execute(sql, params)
           ~~~~~~~~~~~~~~~~~~~^^^^^^^^^^^^^
  File "/usr/local/lib/python3.14/site-packages/psycopg/cursor.py", line 117, in execute
    raise ex.with_traceback(None)
psycopg.errors.UndefinedTable: relation "shop_book" does not exist
LINE 1: SELECT COUNT(*) AS "__count" FROM "shop_book"
                                          ^

The above exception was the direct cause of the following exception:

Traceback (most recent call last):
  File "/usr/local/lib/python3.14/site-packages/django/core/handlers/exception.py", line 55, in inner
    response = get_response(request)
  File "/usr/local/lib/python3.14/site-packages/django/core/handlers/base.py", line 198, in _get_response
    response = wrapped_callback(request, *callback_args, **callback_kwargs)
  File "/usr/local/lib/python3.14/site-packages/django/views/generic/base.py", line 106, in view
    return self.dispatch(request, *args, **kwargs)
           ~~~~~~~~~~~~~^^^^^^^^^^^^^^^^^^^^^^^^^^
  File "/usr/local/lib/python3.14/site-packages/django/views/generic/base.py", line 145, in dispatch
    return handler(request, *args, **kwargs)
  File "/usr/local/lib/python3.14/site-packages/django/views/generic/list.py", line 178, in get
    context = self.get_context_data()
  File "/usr/local/lib/python3.14/site-packages/django/views/generic/list.py", line 128, in get_context_data
    paginator, page, queryset, is_paginated = self.paginate_queryset(
                                              ~~~~~~~~~~~~~~~~~~~~~~^
        queryset, page_size
        ^^^^^^^^^^^^^^^^^^^
    )
    ^
  File "/usr/local/lib/python3.14/site-packages/django/views/generic/list.py", line 73, in paginate_queryset
    page = paginator.page(page_number)
  File "/usr/local/lib/python3.14/site-packages/django/core/paginator.py", line 177, in page
    number = self.validate_number(number)
  File "/usr/local/lib/python3.14/site-packages/django/core/paginator.py", line 160, in validate_number
    return self._validate_number(number, self.num_pages)
                                         ^^^^^^^^^^^^^^
  File "/usr/local/lib/python3.14/site-packages/django/utils/functional.py", line 47, in __get__
    res = instance.__dict__[self.name] = self.func(instance)
                                         ~~~~~~~~~^^^^^^^^^^
  File "/usr/local/lib/python3.14/site-packages/django/core/paginator.py", line 195, in num_pages
    if self.count == 0 and not self.allow_empty_first_page:
       ^^^^^^^^^^
  File "/usr/local/lib/python3.14/site-packages/django/utils/functional.py", line 47, in __get__
    res = instance.__dict__[self.name] = self.func(instance)
                                         ~~~~~~~~~^^^^^^^^^^
  File "/usr/local/lib/python3.14/site-packages/django/core/paginator.py", line 189, in count
    return c()
  File "/usr/local/lib/python3.14/site-packages/django/db/models/query.py", line 610, in count
    return self.query.get_count(using=self.db)
           ~~~~~~~~~~~~~~~~~~~~^^^^^^^^^^^^^^^
  File "/usr/local/lib/python3.14/site-packages/django/db/models/sql/query.py", line 656, in get_count
    return obj.get_aggregation(using, {"__count": Count("*")})["__count"]
           ~~~~~~~~~~~~~~~~~~~^^^^^^^^^^^^^^^^^^^^^^^^^^^^^^^^
  File "/usr/local/lib/python3.14/site-packages/django/db/models/sql/query.py", line 638, in get_aggregation
    result = compiler.execute_sql(SINGLE)
  File "/usr/local/lib/python3.14/site-packages/django/db/models/sql/compiler.py", line 1624, in execute_sql
    cursor.execute(sql, params)
    ~~~~~~~~~~~~~~^^^^^^^^^^^^^
  File "/usr/local/lib/python3.14/site-packages/debug_toolbar/panels/sql/tracking.py", line 243, in execute
    return self._record(super().execute, sql, params)
           ~~~~~~~~~~~~^^^^^^^^^^^^^^^^^^^^^^^^^^^^^^
  File "/usr/local/lib/python3.14/site-packages/debug_toolbar/panels/sql/tracking.py", line 164, in _record
    return method(sql, params)
  File "/usr/local/lib/python3.14/site-packages/django/db/backends/utils.py", line 122, in execute
    return super().execute(sql, params)
           ~~~~~~~~~~~~~~~^^^^^^^^^^^^^
  File "/usr/local/lib/python3.14/site-packages/django/db/backends/utils.py", line 79, in execute
    return self._execute_with_wrappers(
           ~~~~~~~~~~~~~~~~~~~~~~~~~~~^
        sql, params, many=False, executor=self._execute
        ^^^^^^^^^^^^^^^^^^^^^^^^^^^^^^^^^^^^^^^^^^^^^^^
    )
    ^
  File "/usr/local/lib/python3.14/site-packages/django/db/backends/utils.py", line 92, in _execute_with_wrappers
    return executor(sql, params, many, context)
  File "/usr/local/lib/python3.14/site-packages/django/db/backends/utils.py", line 100, in _execute
    with self.db.wrap_database_errors:
         ^^^^^^^^^^^^^^^^^^^^^^^^^^^^
  File "/usr/local/lib/python3.14/site-packages/django/db/utils.py", line 94, in __exit__
    raise dj_exc_value.with_traceback(traceback) from exc_value
  File "/usr/local/lib/python3.14/site-packages/django/db/backends/utils.py", line 105, in _execute
    return self.cursor.execute(sql, params)
           ~~~~~~~~~~~~~~~~~~~^^^^^^^^^^^^^
  File "/usr/local/lib/python3.14/site-packages/psycopg/cursor.py", line 117, in execute
    raise ex.with_traceback(None)
django.db.utils.ProgrammingError: relation "shop_book" does not exist
LINE 1: SELECT COUNT(*) AS "__count" FROM "shop_book"
                                          ^
INFO 2026-06-12 11:46:14,059 middleware ⬅️ Response: GET / Status: 500 Time: 0.0385s
ERROR 2026-06-12 11:46:14,093 log "GET / HTTP/1.1" 500 193712
INFO 2026-06-12 11:46:14,098 basehttp - Broken pipe from ('127.0.0.1', 49718)
INFO 2026-06-12 11:46:34,159 middleware ➡️ Request: GET /
ERROR 2026-06-12 11:46:34,193 log Internal Server Error: /
Traceback (most recent call last):
  File "/usr/local/lib/python3.14/site-packages/django/db/backends/utils.py", line 105, in _execute
    return self.cursor.execute(sql, params)
           ~~~~~~~~~~~~~~~~~~~^^^^^^^^^^^^^
  File "/usr/local/lib/python3.14/site-packages/psycopg/cursor.py", line 117, in execute
    raise ex.with_traceback(None)
psycopg.errors.UndefinedTable: relation "shop_book" does not exist
LINE 1: SELECT COUNT(*) AS "__count" FROM "shop_book"
                                          ^

The above exception was the direct cause of the following exception:

Traceback (most recent call last):
  File "/usr/local/lib/python3.14/site-packages/django/core/handlers/exception.py", line 55, in inner
    response = get_response(request)
  File "/usr/local/lib/python3.14/site-packages/django/core/handlers/base.py", line 198, in _get_response
    response = wrapped_callback(request, *callback_args, **callback_kwargs)
  File "/usr/local/lib/python3.14/site-packages/django/views/generic/base.py", line 106, in view
    return self.dispatch(request, *args, **kwargs)
           ~~~~~~~~~~~~~^^^^^^^^^^^^^^^^^^^^^^^^^^
  File "/usr/local/lib/python3.14/site-packages/django/views/generic/base.py", line 145, in dispatch
    return handler(request, *args, **kwargs)
  File "/usr/local/lib/python3.14/site-packages/django/views/generic/list.py", line 178, in get
    context = self.get_context_data()
  File "/usr/local/lib/python3.14/site-packages/django/views/generic/list.py", line 128, in get_context_data
    paginator, page, queryset, is_paginated = self.paginate_queryset(
                                              ~~~~~~~~~~~~~~~~~~~~~~^
        queryset, page_size
        ^^^^^^^^^^^^^^^^^^^
    )
    ^
  File "/usr/local/lib/python3.14/site-packages/django/views/generic/list.py", line 73, in paginate_queryset
    page = paginator.page(page_number)
  File "/usr/local/lib/python3.14/site-packages/django/core/paginator.py", line 177, in page
    number = self.validate_number(number)
  File "/usr/local/lib/python3.14/site-packages/django/core/paginator.py", line 160, in validate_number
    return self._validate_number(number, self.num_pages)
                                         ^^^^^^^^^^^^^^
  File "/usr/local/lib/python3.14/site-packages/django/utils/functional.py", line 47, in __get__
    res = instance.__dict__[self.name] = self.func(instance)
                                         ~~~~~~~~~^^^^^^^^^^
  File "/usr/local/lib/python3.14/site-packages/django/core/paginator.py", line 195, in num_pages
    if self.count == 0 and not self.allow_empty_first_page:
       ^^^^^^^^^^
  File "/usr/local/lib/python3.14/site-packages/django/utils/functional.py", line 47, in __get__
    res = instance.__dict__[self.name] = self.func(instance)
                                         ~~~~~~~~~^^^^^^^^^^
  File "/usr/local/lib/python3.14/site-packages/django/core/paginator.py", line 189, in count
    return c()
  File "/usr/local/lib/python3.14/site-packages/django/db/models/query.py", line 610, in count
    return self.query.get_count(using=self.db)
           ~~~~~~~~~~~~~~~~~~~~^^^^^^^^^^^^^^^
  File "/usr/local/lib/python3.14/site-packages/django/db/models/sql/query.py", line 656, in get_count
    return obj.get_aggregation(using, {"__count": Count("*")})["__count"]
           ~~~~~~~~~~~~~~~~~~~^^^^^^^^^^^^^^^^^^^^^^^^^^^^^^^^
  File "/usr/local/lib/python3.14/site-packages/django/db/models/sql/query.py", line 638, in get_aggregation
    result = compiler.execute_sql(SINGLE)
  File "/usr/local/lib/python3.14/site-packages/django/db/models/sql/compiler.py", line 1624, in execute_sql
    cursor.execute(sql, params)
    ~~~~~~~~~~~~~~^^^^^^^^^^^^^
  File "/usr/local/lib/python3.14/site-packages/debug_toolbar/panels/sql/tracking.py", line 243, in execute
    return self._record(super().execute, sql, params)
           ~~~~~~~~~~~~^^^^^^^^^^^^^^^^^^^^^^^^^^^^^^
  File "/usr/local/lib/python3.14/site-packages/debug_toolbar/panels/sql/tracking.py", line 164, in _record
    return method(sql, params)
  File "/usr/local/lib/python3.14/site-packages/django/db/backends/utils.py", line 122, in execute
    return super().execute(sql, params)
           ~~~~~~~~~~~~~~~^^^^^^^^^^^^^
  File "/usr/local/lib/python3.14/site-packages/django/db/backends/utils.py", line 79, in execute
    return self._execute_with_wrappers(
           ~~~~~~~~~~~~~~~~~~~~~~~~~~~^
        sql, params, many=False, executor=self._execute
        ^^^^^^^^^^^^^^^^^^^^^^^^^^^^^^^^^^^^^^^^^^^^^^^
    )
    ^
  File "/usr/local/lib/python3.14/site-packages/django/db/backends/utils.py", line 92, in _execute_with_wrappers
    return executor(sql, params, many, context)
  File "/usr/local/lib/python3.14/site-packages/django/db/backends/utils.py", line 100, in _execute
    with self.db.wrap_database_errors:
         ^^^^^^^^^^^^^^^^^^^^^^^^^^^^
  File "/usr/local/lib/python3.14/site-packages/django/db/utils.py", line 94, in __exit__
    raise dj_exc_value.with_traceback(traceback) from exc_value
  File "/usr/local/lib/python3.14/site-packages/django/db/backends/utils.py", line 105, in _execute
    return self.cursor.execute(sql, params)
           ~~~~~~~~~~~~~~~~~~~^^^^^^^^^^^^^
  File "/usr/local/lib/python3.14/site-packages/psycopg/cursor.py", line 117, in execute
    raise ex.with_traceback(None)
django.db.utils.ProgrammingError: relation "shop_book" does not exist
LINE 1: SELECT COUNT(*) AS "__count" FROM "shop_book"
                                          ^
INFO 2026-06-12 11:46:34,199 middleware ⬅️ Response: GET / Status: 500 Time: 0.0397s
ERROR 2026-06-12 11:46:34,232 log "GET / HTTP/1.1" 500 193716
INFO 2026-06-12 11:46:34,235 basehttp - Broken pipe from ('127.0.0.1', 35044)
INFO 2026-06-12 11:46:54,287 middleware ➡️ Request: GET /
ERROR 2026-06-12 11:46:54,318 log Internal Server Error: /
Traceback (most recent call last):
  File "/usr/local/lib/python3.14/site-packages/django/db/backends/utils.py", line 105, in _execute
    return self.cursor.execute(sql, params)
           ~~~~~~~~~~~~~~~~~~~^^^^^^^^^^^^^
  File "/usr/local/lib/python3.14/site-packages/psycopg/cursor.py", line 117, in execute
    raise ex.with_traceback(None)
psycopg.errors.UndefinedTable: relation "shop_book" does not exist
LINE 1: SELECT COUNT(*) AS "__count" FROM "shop_book"
                                          ^

The above exception was the direct cause of the following exception:

Traceback (most recent call last):
  File "/usr/local/lib/python3.14/site-packages/django/core/handlers/exception.py", line 55, in inner
    response = get_response(request)
  File "/usr/local/lib/python3.14/site-packages/django/core/handlers/base.py", line 198, in _get_response
    response = wrapped_callback(request, *callback_args, **callback_kwargs)
  File "/usr/local/lib/python3.14/site-packages/django/views/generic/base.py", line 106, in view
    return self.dispatch(request, *args, **kwargs)
           ~~~~~~~~~~~~~^^^^^^^^^^^^^^^^^^^^^^^^^^
  File "/usr/local/lib/python3.14/site-packages/django/views/generic/base.py", line 145, in dispatch
    return handler(request, *args, **kwargs)
  File "/usr/local/lib/python3.14/site-packages/django/views/generic/list.py", line 178, in get
    context = self.get_context_data()
  File "/usr/local/lib/python3.14/site-packages/django/views/generic/list.py", line 128, in get_context_data
    paginator, page, queryset, is_paginated = self.paginate_queryset(
                                              ~~~~~~~~~~~~~~~~~~~~~~^
        queryset, page_size
        ^^^^^^^^^^^^^^^^^^^
    )
    ^
  File "/usr/local/lib/python3.14/site-packages/django/views/generic/list.py", line 73, in paginate_queryset
    page = paginator.page(page_number)
  File "/usr/local/lib/python3.14/site-packages/django/core/paginator.py", line 177, in page
    number = self.validate_number(number)
  File "/usr/local/lib/python3.14/site-packages/django/core/paginator.py", line 160, in validate_number
    return self._validate_number(number, self.num_pages)
                                         ^^^^^^^^^^^^^^
  File "/usr/local/lib/python3.14/site-packages/django/utils/functional.py", line 47, in __get__
    res = instance.__dict__[self.name] = self.func(instance)
                                         ~~~~~~~~~^^^^^^^^^^
  File "/usr/local/lib/python3.14/site-packages/django/core/paginator.py", line 195, in num_pages
    if self.count == 0 and not self.allow_empty_first_page:
       ^^^^^^^^^^
  File "/usr/local/lib/python3.14/site-packages/django/utils/functional.py", line 47, in __get__
    res = instance.__dict__[self.name] = self.func(instance)
                                         ~~~~~~~~~^^^^^^^^^^
  File "/usr/local/lib/python3.14/site-packages/django/core/paginator.py", line 189, in count
    return c()
  File "/usr/local/lib/python3.14/site-packages/django/db/models/query.py", line 610, in count
    return self.query.get_count(using=self.db)
           ~~~~~~~~~~~~~~~~~~~~^^^^^^^^^^^^^^^
  File "/usr/local/lib/python3.14/site-packages/django/db/models/sql/query.py", line 656, in get_count
    return obj.get_aggregation(using, {"__count": Count("*")})["__count"]
           ~~~~~~~~~~~~~~~~~~~^^^^^^^^^^^^^^^^^^^^^^^^^^^^^^^^
  File "/usr/local/lib/python3.14/site-packages/django/db/models/sql/query.py", line 638, in get_aggregation
    result = compiler.execute_sql(SINGLE)
  File "/usr/local/lib/python3.14/site-packages/django/db/models/sql/compiler.py", line 1624, in execute_sql
    cursor.execute(sql, params)
    ~~~~~~~~~~~~~~^^^^^^^^^^^^^
  File "/usr/local/lib/python3.14/site-packages/debug_toolbar/panels/sql/tracking.py", line 243, in execute
    return self._record(super().execute, sql, params)
           ~~~~~~~~~~~~^^^^^^^^^^^^^^^^^^^^^^^^^^^^^^
  File "/usr/local/lib/python3.14/site-packages/debug_toolbar/panels/sql/tracking.py", line 164, in _record
    return method(sql, params)
  File "/usr/local/lib/python3.14/site-packages/django/db/backends/utils.py", line 122, in execute
    return super().execute(sql, params)
           ~~~~~~~~~~~~~~~^^^^^^^^^^^^^
  File "/usr/local/lib/python3.14/site-packages/django/db/backends/utils.py", line 79, in execute
    return self._execute_with_wrappers(
           ~~~~~~~~~~~~~~~~~~~~~~~~~~~^
        sql, params, many=False, executor=self._execute
        ^^^^^^^^^^^^^^^^^^^^^^^^^^^^^^^^^^^^^^^^^^^^^^^
    )
    ^
  File "/usr/local/lib/python3.14/site-packages/django/db/backends/utils.py", line 92, in _execute_with_wrappers
    return executor(sql, params, many, context)
  File "/usr/local/lib/python3.14/site-packages/django/db/backends/utils.py", line 100, in _execute
    with self.db.wrap_database_errors:
         ^^^^^^^^^^^^^^^^^^^^^^^^^^^^
  File "/usr/local/lib/python3.14/site-packages/django/db/utils.py", line 94, in __exit__
    raise dj_exc_value.with_traceback(traceback) from exc_value
  File "/usr/local/lib/python3.14/site-packages/django/db/backends/utils.py", line 105, in _execute
    return self.cursor.execute(sql, params)
           ~~~~~~~~~~~~~~~~~~~^^^^^^^^^^^^^
  File "/usr/local/lib/python3.14/site-packages/psycopg/cursor.py", line 117, in execute
    raise ex.with_traceback(None)
django.db.utils.ProgrammingError: relation "shop_book" does not exist
LINE 1: SELECT COUNT(*) AS "__count" FROM "shop_book"
                                          ^
INFO 2026-06-12 11:46:54,323 middleware ⬅️ Response: GET / Status: 500 Time: 0.0362s
ERROR 2026-06-12 11:46:54,356 log "GET / HTTP/1.1" 500 193716
INFO 2026-06-12 11:46:54,358 basehttp - Broken pipe from ('127.0.0.1', 37718)
INFO 2026-06-12 11:47:14,408 middleware ➡️ Request: GET /
ERROR 2026-06-12 11:47:14,442 log Internal Server Error: /
Traceback (most recent call last):
  File "/usr/local/lib/python3.14/site-packages/django/db/backends/utils.py", line 105, in _execute
    return self.cursor.execute(sql, params)
           ~~~~~~~~~~~~~~~~~~~^^^^^^^^^^^^^
  File "/usr/local/lib/python3.14/site-packages/psycopg/cursor.py", line 117, in execute
    raise ex.with_traceback(None)
psycopg.errors.UndefinedTable: relation "shop_book" does not exist
LINE 1: SELECT COUNT(*) AS "__count" FROM "shop_book"
                                          ^

The above exception was the direct cause of the following exception:

Traceback (most recent call last):
  File "/usr/local/lib/python3.14/site-packages/django/core/handlers/exception.py", line 55, in inner
    response = get_response(request)
  File "/usr/local/lib/python3.14/site-packages/django/core/handlers/base.py", line 198, in _get_response
    response = wrapped_callback(request, *callback_args, **callback_kwargs)
  File "/usr/local/lib/python3.14/site-packages/django/views/generic/base.py", line 106, in view
    return self.dispatch(request, *args, **kwargs)
           ~~~~~~~~~~~~~^^^^^^^^^^^^^^^^^^^^^^^^^^
  File "/usr/local/lib/python3.14/site-packages/django/views/generic/base.py", line 145, in dispatch
    return handler(request, *args, **kwargs)
  File "/usr/local/lib/python3.14/site-packages/django/views/generic/list.py", line 178, in get
    context = self.get_context_data()
  File "/usr/local/lib/python3.14/site-packages/django/views/generic/list.py", line 128, in get_context_data
    paginator, page, queryset, is_paginated = self.paginate_queryset(
                                              ~~~~~~~~~~~~~~~~~~~~~~^
        queryset, page_size
        ^^^^^^^^^^^^^^^^^^^
    )
    ^
  File "/usr/local/lib/python3.14/site-packages/django/views/generic/list.py", line 73, in paginate_queryset
    page = paginator.page(page_number)
  File "/usr/local/lib/python3.14/site-packages/django/core/paginator.py", line 177, in page
    number = self.validate_number(number)
  File "/usr/local/lib/python3.14/site-packages/django/core/paginator.py", line 160, in validate_number
    return self._validate_number(number, self.num_pages)
                                         ^^^^^^^^^^^^^^
  File "/usr/local/lib/python3.14/site-packages/django/utils/functional.py", line 47, in __get__
    res = instance.__dict__[self.name] = self.func(instance)
                                         ~~~~~~~~~^^^^^^^^^^
  File "/usr/local/lib/python3.14/site-packages/django/core/paginator.py", line 195, in num_pages
    if self.count == 0 and not self.allow_empty_first_page:
       ^^^^^^^^^^
  File "/usr/local/lib/python3.14/site-packages/django/utils/functional.py", line 47, in __get__
    res = instance.__dict__[self.name] = self.func(instance)
                                         ~~~~~~~~~^^^^^^^^^^
  File "/usr/local/lib/python3.14/site-packages/django/core/paginator.py", line 189, in count
    return c()
  File "/usr/local/lib/python3.14/site-packages/django/db/models/query.py", line 610, in count
    return self.query.get_count(using=self.db)
           ~~~~~~~~~~~~~~~~~~~~^^^^^^^^^^^^^^^
  File "/usr/local/lib/python3.14/site-packages/django/db/models/sql/query.py", line 656, in get_count
    return obj.get_aggregation(using, {"__count": Count("*")})["__count"]
           ~~~~~~~~~~~~~~~~~~~^^^^^^^^^^^^^^^^^^^^^^^^^^^^^^^^
  File "/usr/local/lib/python3.14/site-packages/django/db/models/sql/query.py", line 638, in get_aggregation
    result = compiler.execute_sql(SINGLE)
  File "/usr/local/lib/python3.14/site-packages/django/db/models/sql/compiler.py", line 1624, in execute_sql
    cursor.execute(sql, params)
    ~~~~~~~~~~~~~~^^^^^^^^^^^^^
  File "/usr/local/lib/python3.14/site-packages/debug_toolbar/panels/sql/tracking.py", line 243, in execute
    return self._record(super().execute, sql, params)
           ~~~~~~~~~~~~^^^^^^^^^^^^^^^^^^^^^^^^^^^^^^
  File "/usr/local/lib/python3.14/site-packages/debug_toolbar/panels/sql/tracking.py", line 164, in _record
    return method(sql, params)
  File "/usr/local/lib/python3.14/site-packages/django/db/backends/utils.py", line 122, in execute
    return super().execute(sql, params)
           ~~~~~~~~~~~~~~~^^^^^^^^^^^^^
  File "/usr/local/lib/python3.14/site-packages/django/db/backends/utils.py", line 79, in execute
    return self._execute_with_wrappers(
           ~~~~~~~~~~~~~~~~~~~~~~~~~~~^
        sql, params, many=False, executor=self._execute
        ^^^^^^^^^^^^^^^^^^^^^^^^^^^^^^^^^^^^^^^^^^^^^^^
    )
    ^
  File "/usr/local/lib/python3.14/site-packages/django/db/backends/utils.py", line 92, in _execute_with_wrappers
    return executor(sql, params, many, context)
  File "/usr/local/lib/python3.14/site-packages/django/db/backends/utils.py", line 100, in _execute
    with self.db.wrap_database_errors:
         ^^^^^^^^^^^^^^^^^^^^^^^^^^^^
  File "/usr/local/lib/python3.14/site-packages/django/db/utils.py", line 94, in __exit__
    raise dj_exc_value.with_traceback(traceback) from exc_value
  File "/usr/local/lib/python3.14/site-packages/django/db/backends/utils.py", line 105, in _execute
    return self.cursor.execute(sql, params)
           ~~~~~~~~~~~~~~~~~~~^^^^^^^^^^^^^
  File "/usr/local/lib/python3.14/site-packages/psycopg/cursor.py", line 117, in execute
    raise ex.with_traceback(None)
django.db.utils.ProgrammingError: relation "shop_book" does not exist
LINE 1: SELECT COUNT(*) AS "__count" FROM "shop_book"
                                          ^
INFO 2026-06-12 11:47:14,454 middleware ⬅️ Response: GET / Status: 500 Time: 0.0456s
ERROR 2026-06-12 11:47:14,489 log "GET / HTTP/1.1" 500 193713
INFO 2026-06-12 11:47:14,491 basehttp - Broken pipe from ('127.0.0.1', 50148)
INFO 2026-06-12 11:47:34,544 middleware ➡️ Request: GET /
ERROR 2026-06-12 11:47:34,584 log Internal Server Error: /
Traceback (most recent call last):
  File "/usr/local/lib/python3.14/site-packages/django/db/backends/utils.py", line 105, in _execute
    return self.cursor.execute(sql, params)
           ~~~~~~~~~~~~~~~~~~~^^^^^^^^^^^^^
  File "/usr/local/lib/python3.14/site-packages/psycopg/cursor.py", line 117, in execute
    raise ex.with_traceback(None)
psycopg.errors.UndefinedTable: relation "shop_book" does not exist
LINE 1: SELECT COUNT(*) AS "__count" FROM "shop_book"
                                          ^

The above exception was the direct cause of the following exception:

Traceback (most recent call last):
  File "/usr/local/lib/python3.14/site-packages/django/core/handlers/exception.py", line 55, in inner
    response = get_response(request)
  File "/usr/local/lib/python3.14/site-packages/django/core/handlers/base.py", line 198, in _get_response
    response = wrapped_callback(request, *callback_args, **callback_kwargs)
  File "/usr/local/lib/python3.14/site-packages/django/views/generic/base.py", line 106, in view
    return self.dispatch(request, *args, **kwargs)
           ~~~~~~~~~~~~~^^^^^^^^^^^^^^^^^^^^^^^^^^
  File "/usr/local/lib/python3.14/site-packages/django/views/generic/base.py", line 145, in dispatch
    return handler(request, *args, **kwargs)
  File "/usr/local/lib/python3.14/site-packages/django/views/generic/list.py", line 178, in get
    context = self.get_context_data()
  File "/usr/local/lib/python3.14/site-packages/django/views/generic/list.py", line 128, in get_context_data
    paginator, page, queryset, is_paginated = self.paginate_queryset(
                                              ~~~~~~~~~~~~~~~~~~~~~~^
        queryset, page_size
        ^^^^^^^^^^^^^^^^^^^
    )
    ^
  File "/usr/local/lib/python3.14/site-packages/django/views/generic/list.py", line 73, in paginate_queryset
    page = paginator.page(page_number)
  File "/usr/local/lib/python3.14/site-packages/django/core/paginator.py", line 177, in page
    number = self.validate_number(number)
  File "/usr/local/lib/python3.14/site-packages/django/core/paginator.py", line 160, in validate_number
    return self._validate_number(number, self.num_pages)
                                         ^^^^^^^^^^^^^^
  File "/usr/local/lib/python3.14/site-packages/django/utils/functional.py", line 47, in __get__
    res = instance.__dict__[self.name] = self.func(instance)
                                         ~~~~~~~~~^^^^^^^^^^
  File "/usr/local/lib/python3.14/site-packages/django/core/paginator.py", line 195, in num_pages
    if self.count == 0 and not self.allow_empty_first_page:
       ^^^^^^^^^^
  File "/usr/local/lib/python3.14/site-packages/django/utils/functional.py", line 47, in __get__
    res = instance.__dict__[self.name] = self.func(instance)
                                         ~~~~~~~~~^^^^^^^^^^
  File "/usr/local/lib/python3.14/site-packages/django/core/paginator.py", line 189, in count
    return c()
  File "/usr/local/lib/python3.14/site-packages/django/db/models/query.py", line 610, in count
    return self.query.get_count(using=self.db)
           ~~~~~~~~~~~~~~~~~~~~^^^^^^^^^^^^^^^
  File "/usr/local/lib/python3.14/site-packages/django/db/models/sql/query.py", line 656, in get_count
    return obj.get_aggregation(using, {"__count": Count("*")})["__count"]
           ~~~~~~~~~~~~~~~~~~~^^^^^^^^^^^^^^^^^^^^^^^^^^^^^^^^
  File "/usr/local/lib/python3.14/site-packages/django/db/models/sql/query.py", line 638, in get_aggregation
    result = compiler.execute_sql(SINGLE)
  File "/usr/local/lib/python3.14/site-packages/django/db/models/sql/compiler.py", line 1624, in execute_sql
    cursor.execute(sql, params)
    ~~~~~~~~~~~~~~^^^^^^^^^^^^^
  File "/usr/local/lib/python3.14/site-packages/debug_toolbar/panels/sql/tracking.py", line 243, in execute
    return self._record(super().execute, sql, params)
           ~~~~~~~~~~~~^^^^^^^^^^^^^^^^^^^^^^^^^^^^^^
  File "/usr/local/lib/python3.14/site-packages/debug_toolbar/panels/sql/tracking.py", line 164, in _record
    return method(sql, params)
  File "/usr/local/lib/python3.14/site-packages/django/db/backends/utils.py", line 122, in execute
    return super().execute(sql, params)
           ~~~~~~~~~~~~~~~^^^^^^^^^^^^^
  File "/usr/local/lib/python3.14/site-packages/django/db/backends/utils.py", line 79, in execute
    return self._execute_with_wrappers(
           ~~~~~~~~~~~~~~~~~~~~~~~~~~~^
        sql, params, many=False, executor=self._execute
        ^^^^^^^^^^^^^^^^^^^^^^^^^^^^^^^^^^^^^^^^^^^^^^^
    )
    ^
  File "/usr/local/lib/python3.14/site-packages/django/db/backends/utils.py", line 92, in _execute_with_wrappers
    return executor(sql, params, many, context)
  File "/usr/local/lib/python3.14/site-packages/django/db/backends/utils.py", line 100, in _execute
    with self.db.wrap_database_errors:
         ^^^^^^^^^^^^^^^^^^^^^^^^^^^^
  File "/usr/local/lib/python3.14/site-packages/django/db/utils.py", line 94, in __exit__
    raise dj_exc_value.with_traceback(traceback) from exc_value
  File "/usr/local/lib/python3.14/site-packages/django/db/backends/utils.py", line 105, in _execute
    return self.cursor.execute(sql, params)
           ~~~~~~~~~~~~~~~~~~~^^^^^^^^^^^^^
  File "/usr/local/lib/python3.14/site-packages/psycopg/cursor.py", line 117, in execute
    raise ex.with_traceback(None)
django.db.utils.ProgrammingError: relation "shop_book" does not exist
LINE 1: SELECT COUNT(*) AS "__count" FROM "shop_book"
                                          ^
INFO 2026-06-12 11:47:34,590 middleware ⬅️ Response: GET / Status: 500 Time: 0.0468s
ERROR 2026-06-12 11:47:34,627 log "GET / HTTP/1.1" 500 193714
INFO 2026-06-12 11:47:54,672 middleware ➡️ Request: GET /
ERROR 2026-06-12 11:47:54,737 log Internal Server Error: /
Traceback (most recent call last):
  File "/usr/local/lib/python3.14/site-packages/django/db/backends/utils.py", line 105, in _execute
    return self.cursor.execute(sql, params)
           ~~~~~~~~~~~~~~~~~~~^^^^^^^^^^^^^
  File "/usr/local/lib/python3.14/site-packages/psycopg/cursor.py", line 117, in execute
    raise ex.with_traceback(None)
psycopg.errors.UndefinedTable: relation "shop_book" does not exist
LINE 1: SELECT COUNT(*) AS "__count" FROM "shop_book"
                                          ^

The above exception was the direct cause of the following exception:

Traceback (most recent call last):
  File "/usr/local/lib/python3.14/site-packages/django/core/handlers/exception.py", line 55, in inner
    response = get_response(request)
  File "/usr/local/lib/python3.14/site-packages/django/core/handlers/base.py", line 198, in _get_response
    response = wrapped_callback(request, *callback_args, **callback_kwargs)
  File "/usr/local/lib/python3.14/site-packages/django/views/generic/base.py", line 106, in view
    return self.dispatch(request, *args, **kwargs)
           ~~~~~~~~~~~~~^^^^^^^^^^^^^^^^^^^^^^^^^^
  File "/usr/local/lib/python3.14/site-packages/django/views/generic/base.py", line 145, in dispatch
    return handler(request, *args, **kwargs)
  File "/usr/local/lib/python3.14/site-packages/django/views/generic/list.py", line 178, in get
    context = self.get_context_data()
  File "/usr/local/lib/python3.14/site-packages/django/views/generic/list.py", line 128, in get_context_data
    paginator, page, queryset, is_paginated = self.paginate_queryset(
                                              ~~~~~~~~~~~~~~~~~~~~~~^
        queryset, page_size
        ^^^^^^^^^^^^^^^^^^^
    )
    ^
  File "/usr/local/lib/python3.14/site-packages/django/views/generic/list.py", line 73, in paginate_queryset
    page = paginator.page(page_number)
  File "/usr/local/lib/python3.14/site-packages/django/core/paginator.py", line 177, in page
    number = self.validate_number(number)
  File "/usr/local/lib/python3.14/site-packages/django/core/paginator.py", line 160, in validate_number
    return self._validate_number(number, self.num_pages)
                                         ^^^^^^^^^^^^^^
  File "/usr/local/lib/python3.14/site-packages/django/utils/functional.py", line 47, in __get__
    res = instance.__dict__[self.name] = self.func(instance)
                                         ~~~~~~~~~^^^^^^^^^^
  File "/usr/local/lib/python3.14/site-packages/django/core/paginator.py", line 195, in num_pages
    if self.count == 0 and not self.allow_empty_first_page:
       ^^^^^^^^^^
  File "/usr/local/lib/python3.14/site-packages/django/utils/functional.py", line 47, in __get__
    res = instance.__dict__[self.name] = self.func(instance)
                                         ~~~~~~~~~^^^^^^^^^^
  File "/usr/local/lib/python3.14/site-packages/django/core/paginator.py", line 189, in count
    return c()
  File "/usr/local/lib/python3.14/site-packages/django/db/models/query.py", line 610, in count
    return self.query.get_count(using=self.db)
           ~~~~~~~~~~~~~~~~~~~~^^^^^^^^^^^^^^^
  File "/usr/local/lib/python3.14/site-packages/django/db/models/sql/query.py", line 656, in get_count
    return obj.get_aggregation(using, {"__count": Count("*")})["__count"]
           ~~~~~~~~~~~~~~~~~~~^^^^^^^^^^^^^^^^^^^^^^^^^^^^^^^^
  File "/usr/local/lib/python3.14/site-packages/django/db/models/sql/query.py", line 638, in get_aggregation
    result = compiler.execute_sql(SINGLE)
  File "/usr/local/lib/python3.14/site-packages/django/db/models/sql/compiler.py", line 1624, in execute_sql
    cursor.execute(sql, params)
    ~~~~~~~~~~~~~~^^^^^^^^^^^^^
  File "/usr/local/lib/python3.14/site-packages/debug_toolbar/panels/sql/tracking.py", line 243, in execute
    return self._record(super().execute, sql, params)
           ~~~~~~~~~~~~^^^^^^^^^^^^^^^^^^^^^^^^^^^^^^
  File "/usr/local/lib/python3.14/site-packages/debug_toolbar/panels/sql/tracking.py", line 164, in _record
    return method(sql, params)
  File "/usr/local/lib/python3.14/site-packages/django/db/backends/utils.py", line 122, in execute
    return super().execute(sql, params)
           ~~~~~~~~~~~~~~~^^^^^^^^^^^^^
  File "/usr/local/lib/python3.14/site-packages/django/db/backends/utils.py", line 79, in execute
    return self._execute_with_wrappers(
           ~~~~~~~~~~~~~~~~~~~~~~~~~~~^
        sql, params, many=False, executor=self._execute
        ^^^^^^^^^^^^^^^^^^^^^^^^^^^^^^^^^^^^^^^^^^^^^^^
    )
    ^
  File "/usr/local/lib/python3.14/site-packages/django/db/backends/utils.py", line 92, in _execute_with_wrappers
    return executor(sql, params, many, context)
  File "/usr/local/lib/python3.14/site-packages/django/db/backends/utils.py", line 100, in _execute
    with self.db.wrap_database_errors:
         ^^^^^^^^^^^^^^^^^^^^^^^^^^^^
  File "/usr/local/lib/python3.14/site-packages/django/db/utils.py", line 94, in __exit__
    raise dj_exc_value.with_traceback(traceback) from exc_value
  File "/usr/local/lib/python3.14/site-packages/django/db/backends/utils.py", line 105, in _execute
    return self.cursor.execute(sql, params)
           ~~~~~~~~~~~~~~~~~~~^^^^^^^^^^^^^
  File "/usr/local/lib/python3.14/site-packages/psycopg/cursor.py", line 117, in execute
    raise ex.with_traceback(None)
django.db.utils.ProgrammingError: relation "shop_book" does not exist
LINE 1: SELECT COUNT(*) AS "__count" FROM "shop_book"
                                          ^
INFO 2026-06-12 11:47:54,742 middleware ⬅️ Response: GET / Status: 500 Time: 0.0697s
ERROR 2026-06-12 11:47:54,782 log "GET / HTTP/1.1" 500 193713
INFO 2026-06-12 11:47:54,784 basehttp - Broken pipe from ('127.0.0.1', 60306)
INFO 2026-06-12 11:48:14,835 middleware ➡️ Request: GET /
ERROR 2026-06-12 11:48:14,868 log Internal Server Error: /
Traceback (most recent call last):
  File "/usr/local/lib/python3.14/site-packages/django/db/backends/utils.py", line 105, in _execute
    return self.cursor.execute(sql, params)
           ~~~~~~~~~~~~~~~~~~~^^^^^^^^^^^^^
  File "/usr/local/lib/python3.14/site-packages/psycopg/cursor.py", line 117, in execute
    raise ex.with_traceback(None)
psycopg.errors.UndefinedTable: relation "shop_book" does not exist
LINE 1: SELECT COUNT(*) AS "__count" FROM "shop_book"
                                          ^

The above exception was the direct cause of the following exception:

Traceback (most recent call last):
  File "/usr/local/lib/python3.14/site-packages/django/core/handlers/exception.py", line 55, in inner
    response = get_response(request)
  File "/usr/local/lib/python3.14/site-packages/django/core/handlers/base.py", line 198, in _get_response
    response = wrapped_callback(request, *callback_args, **callback_kwargs)
  File "/usr/local/lib/python3.14/site-packages/django/views/generic/base.py", line 106, in view
    return self.dispatch(request, *args, **kwargs)
           ~~~~~~~~~~~~~^^^^^^^^^^^^^^^^^^^^^^^^^^
  File "/usr/local/lib/python3.14/site-packages/django/views/generic/base.py", line 145, in dispatch
    return handler(request, *args, **kwargs)
  File "/usr/local/lib/python3.14/site-packages/django/views/generic/list.py", line 178, in get
    context = self.get_context_data()
  File "/usr/local/lib/python3.14/site-packages/django/views/generic/list.py", line 128, in get_context_data
    paginator, page, queryset, is_paginated = self.paginate_queryset(
                                              ~~~~~~~~~~~~~~~~~~~~~~^
        queryset, page_size
        ^^^^^^^^^^^^^^^^^^^
    )
    ^
  File "/usr/local/lib/python3.14/site-packages/django/views/generic/list.py", line 73, in paginate_queryset
    page = paginator.page(page_number)
  File "/usr/local/lib/python3.14/site-packages/django/core/paginator.py", line 177, in page
    number = self.validate_number(number)
  File "/usr/local/lib/python3.14/site-packages/django/core/paginator.py", line 160, in validate_number
    return self._validate_number(number, self.num_pages)
                                         ^^^^^^^^^^^^^^
  File "/usr/local/lib/python3.14/site-packages/django/utils/functional.py", line 47, in __get__
    res = instance.__dict__[self.name] = self.func(instance)
                                         ~~~~~~~~~^^^^^^^^^^
  File "/usr/local/lib/python3.14/site-packages/django/core/paginator.py", line 195, in num_pages
    if self.count == 0 and not self.allow_empty_first_page:
       ^^^^^^^^^^
  File "/usr/local/lib/python3.14/site-packages/django/utils/functional.py", line 47, in __get__
    res = instance.__dict__[self.name] = self.func(instance)
                                         ~~~~~~~~~^^^^^^^^^^
  File "/usr/local/lib/python3.14/site-packages/django/core/paginator.py", line 189, in count
    return c()
  File "/usr/local/lib/python3.14/site-packages/django/db/models/query.py", line 610, in count
    return self.query.get_count(using=self.db)
           ~~~~~~~~~~~~~~~~~~~~^^^^^^^^^^^^^^^
  File "/usr/local/lib/python3.14/site-packages/django/db/models/sql/query.py", line 656, in get_count
    return obj.get_aggregation(using, {"__count": Count("*")})["__count"]
           ~~~~~~~~~~~~~~~~~~~^^^^^^^^^^^^^^^^^^^^^^^^^^^^^^^^
  File "/usr/local/lib/python3.14/site-packages/django/db/models/sql/query.py", line 638, in get_aggregation
    result = compiler.execute_sql(SINGLE)
  File "/usr/local/lib/python3.14/site-packages/django/db/models/sql/compiler.py", line 1624, in execute_sql
    cursor.execute(sql, params)
    ~~~~~~~~~~~~~~^^^^^^^^^^^^^
  File "/usr/local/lib/python3.14/site-packages/debug_toolbar/panels/sql/tracking.py", line 243, in execute
    return self._record(super().execute, sql, params)
           ~~~~~~~~~~~~^^^^^^^^^^^^^^^^^^^^^^^^^^^^^^
  File "/usr/local/lib/python3.14/site-packages/debug_toolbar/panels/sql/tracking.py", line 164, in _record
    return method(sql, params)
  File "/usr/local/lib/python3.14/site-packages/django/db/backends/utils.py", line 122, in execute
    return super().execute(sql, params)
           ~~~~~~~~~~~~~~~^^^^^^^^^^^^^
  File "/usr/local/lib/python3.14/site-packages/django/db/backends/utils.py", line 79, in execute
    return self._execute_with_wrappers(
           ~~~~~~~~~~~~~~~~~~~~~~~~~~~^
        sql, params, many=False, executor=self._execute
        ^^^^^^^^^^^^^^^^^^^^^^^^^^^^^^^^^^^^^^^^^^^^^^^
    )
    ^
  File "/usr/local/lib/python3.14/site-packages/django/db/backends/utils.py", line 92, in _execute_with_wrappers
    return executor(sql, params, many, context)
  File "/usr/local/lib/python3.14/site-packages/django/db/backends/utils.py", line 100, in _execute
    with self.db.wrap_database_errors:
         ^^^^^^^^^^^^^^^^^^^^^^^^^^^^
  File "/usr/local/lib/python3.14/site-packages/django/db/utils.py", line 94, in __exit__
    raise dj_exc_value.with_traceback(traceback) from exc_value
  File "/usr/local/lib/python3.14/site-packages/django/db/backends/utils.py", line 105, in _execute
    return self.cursor.execute(sql, params)
           ~~~~~~~~~~~~~~~~~~~^^^^^^^^^^^^^
  File "/usr/local/lib/python3.14/site-packages/psycopg/cursor.py", line 117, in execute
    raise ex.with_traceback(None)
django.db.utils.ProgrammingError: relation "shop_book" does not exist
LINE 1: SELECT COUNT(*) AS "__count" FROM "shop_book"
                                          ^
INFO 2026-06-12 11:48:14,874 middleware ⬅️ Response: GET / Status: 500 Time: 0.0391s
ERROR 2026-06-12 11:48:14,908 log "GET / HTTP/1.1" 500 193716
INFO 2026-06-12 11:48:14,911 basehttp - Broken pipe from ('127.0.0.1', 47360)
INFO 2026-06-12 11:48:34,979 middleware ➡️ Request: GET /
ERROR 2026-06-12 11:48:35,022 log Internal Server Error: /
Traceback (most recent call last):
  File "/usr/local/lib/python3.14/site-packages/django/db/backends/utils.py", line 105, in _execute
    return self.cursor.execute(sql, params)
           ~~~~~~~~~~~~~~~~~~~^^^^^^^^^^^^^
  File "/usr/local/lib/python3.14/site-packages/psycopg/cursor.py", line 117, in execute
    raise ex.with_traceback(None)
psycopg.errors.UndefinedTable: relation "shop_book" does not exist
LINE 1: SELECT COUNT(*) AS "__count" FROM "shop_book"
                                          ^

The above exception was the direct cause of the following exception:

Traceback (most recent call last):
  File "/usr/local/lib/python3.14/site-packages/django/core/handlers/exception.py", line 55, in inner
    response = get_response(request)
  File "/usr/local/lib/python3.14/site-packages/django/core/handlers/base.py", line 198, in _get_response
    response = wrapped_callback(request, *callback_args, **callback_kwargs)
  File "/usr/local/lib/python3.14/site-packages/django/views/generic/base.py", line 106, in view
    return self.dispatch(request, *args, **kwargs)
           ~~~~~~~~~~~~~^^^^^^^^^^^^^^^^^^^^^^^^^^
  File "/usr/local/lib/python3.14/site-packages/django/views/generic/base.py", line 145, in dispatch
    return handler(request, *args, **kwargs)
  File "/usr/local/lib/python3.14/site-packages/django/views/generic/list.py", line 178, in get
    context = self.get_context_data()
  File "/usr/local/lib/python3.14/site-packages/django/views/generic/list.py", line 128, in get_context_data
    paginator, page, queryset, is_paginated = self.paginate_queryset(
                                              ~~~~~~~~~~~~~~~~~~~~~~^
        queryset, page_size
        ^^^^^^^^^^^^^^^^^^^
    )
    ^
  File "/usr/local/lib/python3.14/site-packages/django/views/generic/list.py", line 73, in paginate_queryset
    page = paginator.page(page_number)
  File "/usr/local/lib/python3.14/site-packages/django/core/paginator.py", line 177, in page
    number = self.validate_number(number)
  File "/usr/local/lib/python3.14/site-packages/django/core/paginator.py", line 160, in validate_number
    return self._validate_number(number, self.num_pages)
                                         ^^^^^^^^^^^^^^
  File "/usr/local/lib/python3.14/site-packages/django/utils/functional.py", line 47, in __get__
    res = instance.__dict__[self.name] = self.func(instance)
                                         ~~~~~~~~~^^^^^^^^^^
  File "/usr/local/lib/python3.14/site-packages/django/core/paginator.py", line 195, in num_pages
    if self.count == 0 and not self.allow_empty_first_page:
       ^^^^^^^^^^
  File "/usr/local/lib/python3.14/site-packages/django/utils/functional.py", line 47, in __get__
    res = instance.__dict__[self.name] = self.func(instance)
                                         ~~~~~~~~~^^^^^^^^^^
  File "/usr/local/lib/python3.14/site-packages/django/core/paginator.py", line 189, in count
    return c()
  File "/usr/local/lib/python3.14/site-packages/django/db/models/query.py", line 610, in count
    return self.query.get_count(using=self.db)
           ~~~~~~~~~~~~~~~~~~~~^^^^^^^^^^^^^^^
  File "/usr/local/lib/python3.14/site-packages/django/db/models/sql/query.py", line 656, in get_count
    return obj.get_aggregation(using, {"__count": Count("*")})["__count"]
           ~~~~~~~~~~~~~~~~~~~^^^^^^^^^^^^^^^^^^^^^^^^^^^^^^^^
  File "/usr/local/lib/python3.14/site-packages/django/db/models/sql/query.py", line 638, in get_aggregation
    result = compiler.execute_sql(SINGLE)
  File "/usr/local/lib/python3.14/site-packages/django/db/models/sql/compiler.py", line 1624, in execute_sql
    cursor.execute(sql, params)
    ~~~~~~~~~~~~~~^^^^^^^^^^^^^
  File "/usr/local/lib/python3.14/site-packages/debug_toolbar/panels/sql/tracking.py", line 243, in execute
    return self._record(super().execute, sql, params)
           ~~~~~~~~~~~~^^^^^^^^^^^^^^^^^^^^^^^^^^^^^^
  File "/usr/local/lib/python3.14/site-packages/debug_toolbar/panels/sql/tracking.py", line 164, in _record
    return method(sql, params)
  File "/usr/local/lib/python3.14/site-packages/django/db/backends/utils.py", line 122, in execute
    return super().execute(sql, params)
           ~~~~~~~~~~~~~~~^^^^^^^^^^^^^
  File "/usr/local/lib/python3.14/site-packages/django/db/backends/utils.py", line 79, in execute
    return self._execute_with_wrappers(
           ~~~~~~~~~~~~~~~~~~~~~~~~~~~^
        sql, params, many=False, executor=self._execute
        ^^^^^^^^^^^^^^^^^^^^^^^^^^^^^^^^^^^^^^^^^^^^^^^
    )
    ^
  File "/usr/local/lib/python3.14/site-packages/django/db/backends/utils.py", line 92, in _execute_with_wrappers
    return executor(sql, params, many, context)
  File "/usr/local/lib/python3.14/site-packages/django/db/backends/utils.py", line 100, in _execute
    with self.db.wrap_database_errors:
         ^^^^^^^^^^^^^^^^^^^^^^^^^^^^
  File "/usr/local/lib/python3.14/site-packages/django/db/utils.py", line 94, in __exit__
    raise dj_exc_value.with_traceback(traceback) from exc_value
  File "/usr/local/lib/python3.14/site-packages/django/db/backends/utils.py", line 105, in _execute
    return self.cursor.execute(sql, params)
           ~~~~~~~~~~~~~~~~~~~^^^^^^^^^^^^^
  File "/usr/local/lib/python3.14/site-packages/psycopg/cursor.py", line 117, in execute
    raise ex.with_traceback(None)
django.db.utils.ProgrammingError: relation "shop_book" does not exist
LINE 1: SELECT COUNT(*) AS "__count" FROM "shop_book"
                                          ^
INFO 2026-06-12 11:48:35,028 middleware ⬅️ Response: GET / Status: 500 Time: 0.0483s
ERROR 2026-06-12 11:48:35,072 log "GET / HTTP/1.1" 500 193714
INFO 2026-06-12 11:48:35,074 basehttp - Broken pipe from ('127.0.0.1', 49340)
INFO 2026-06-12 11:48:55,117 middleware ➡️ Request: GET /
ERROR 2026-06-12 11:48:55,152 log Internal Server Error: /
Traceback (most recent call last):
  File "/usr/local/lib/python3.14/site-packages/django/db/backends/utils.py", line 105, in _execute
    return self.cursor.execute(sql, params)
           ~~~~~~~~~~~~~~~~~~~^^^^^^^^^^^^^
  File "/usr/local/lib/python3.14/site-packages/psycopg/cursor.py", line 117, in execute
    raise ex.with_traceback(None)
psycopg.errors.UndefinedTable: relation "shop_book" does not exist
LINE 1: SELECT COUNT(*) AS "__count" FROM "shop_book"
                                          ^

The above exception was the direct cause of the following exception:

Traceback (most recent call last):
  File "/usr/local/lib/python3.14/site-packages/django/core/handlers/exception.py", line 55, in inner
    response = get_response(request)
  File "/usr/local/lib/python3.14/site-packages/django/core/handlers/base.py", line 198, in _get_response
    response = wrapped_callback(request, *callback_args, **callback_kwargs)
  File "/usr/local/lib/python3.14/site-packages/django/views/generic/base.py", line 106, in view
    return self.dispatch(request, *args, **kwargs)
           ~~~~~~~~~~~~~^^^^^^^^^^^^^^^^^^^^^^^^^^
  File "/usr/local/lib/python3.14/site-packages/django/views/generic/base.py", line 145, in dispatch
    return handler(request, *args, **kwargs)
  File "/usr/local/lib/python3.14/site-packages/django/views/generic/list.py", line 178, in get
    context = self.get_context_data()
  File "/usr/local/lib/python3.14/site-packages/django/views/generic/list.py", line 128, in get_context_data
    paginator, page, queryset, is_paginated = self.paginate_queryset(
                                              ~~~~~~~~~~~~~~~~~~~~~~^
        queryset, page_size
        ^^^^^^^^^^^^^^^^^^^
    )
    ^
  File "/usr/local/lib/python3.14/site-packages/django/views/generic/list.py", line 73, in paginate_queryset
    page = paginator.page(page_number)
  File "/usr/local/lib/python3.14/site-packages/django/core/paginator.py", line 177, in page
    number = self.validate_number(number)
  File "/usr/local/lib/python3.14/site-packages/django/core/paginator.py", line 160, in validate_number
    return self._validate_number(number, self.num_pages)
                                         ^^^^^^^^^^^^^^
  File "/usr/local/lib/python3.14/site-packages/django/utils/functional.py", line 47, in __get__
    res = instance.__dict__[self.name] = self.func(instance)
                                         ~~~~~~~~~^^^^^^^^^^
  File "/usr/local/lib/python3.14/site-packages/django/core/paginator.py", line 195, in num_pages
    if self.count == 0 and not self.allow_empty_first_page:
       ^^^^^^^^^^
  File "/usr/local/lib/python3.14/site-packages/django/utils/functional.py", line 47, in __get__
    res = instance.__dict__[self.name] = self.func(instance)
                                         ~~~~~~~~~^^^^^^^^^^
  File "/usr/local/lib/python3.14/site-packages/django/core/paginator.py", line 189, in count
    return c()
  File "/usr/local/lib/python3.14/site-packages/django/db/models/query.py", line 610, in count
    return self.query.get_count(using=self.db)
           ~~~~~~~~~~~~~~~~~~~~^^^^^^^^^^^^^^^
  File "/usr/local/lib/python3.14/site-packages/django/db/models/sql/query.py", line 656, in get_count
    return obj.get_aggregation(using, {"__count": Count("*")})["__count"]
           ~~~~~~~~~~~~~~~~~~~^^^^^^^^^^^^^^^^^^^^^^^^^^^^^^^^
  File "/usr/local/lib/python3.14/site-packages/django/db/models/sql/query.py", line 638, in get_aggregation
    result = compiler.execute_sql(SINGLE)
  File "/usr/local/lib/python3.14/site-packages/django/db/models/sql/compiler.py", line 1624, in execute_sql
    cursor.execute(sql, params)
    ~~~~~~~~~~~~~~^^^^^^^^^^^^^
  File "/usr/local/lib/python3.14/site-packages/debug_toolbar/panels/sql/tracking.py", line 243, in execute
    return self._record(super().execute, sql, params)
           ~~~~~~~~~~~~^^^^^^^^^^^^^^^^^^^^^^^^^^^^^^
  File "/usr/local/lib/python3.14/site-packages/debug_toolbar/panels/sql/tracking.py", line 164, in _record
    return method(sql, params)
  File "/usr/local/lib/python3.14/site-packages/django/db/backends/utils.py", line 122, in execute
    return super().execute(sql, params)
           ~~~~~~~~~~~~~~~^^^^^^^^^^^^^
  File "/usr/local/lib/python3.14/site-packages/django/db/backends/utils.py", line 79, in execute
    return self._execute_with_wrappers(
           ~~~~~~~~~~~~~~~~~~~~~~~~~~~^
        sql, params, many=False, executor=self._execute
        ^^^^^^^^^^^^^^^^^^^^^^^^^^^^^^^^^^^^^^^^^^^^^^^
    )
    ^
  File "/usr/local/lib/python3.14/site-packages/django/db/backends/utils.py", line 92, in _execute_with_wrappers
    return executor(sql, params, many, context)
  File "/usr/local/lib/python3.14/site-packages/django/db/backends/utils.py", line 100, in _execute
    with self.db.wrap_database_errors:
         ^^^^^^^^^^^^^^^^^^^^^^^^^^^^
  File "/usr/local/lib/python3.14/site-packages/django/db/utils.py", line 94, in __exit__
    raise dj_exc_value.with_traceback(traceback) from exc_value
  File "/usr/local/lib/python3.14/site-packages/django/db/backends/utils.py", line 105, in _execute
    return self.cursor.execute(sql, params)
           ~~~~~~~~~~~~~~~~~~~^^^^^^^^^^^^^
  File "/usr/local/lib/python3.14/site-packages/psycopg/cursor.py", line 117, in execute
    raise ex.with_traceback(None)
django.db.utils.ProgrammingError: relation "shop_book" does not exist
LINE 1: SELECT COUNT(*) AS "__count" FROM "shop_book"
                                          ^
INFO 2026-06-12 11:48:55,157 middleware ⬅️ Response: GET / Status: 500 Time: 0.0405s
ERROR 2026-06-12 11:48:55,202 log "GET / HTTP/1.1" 500 193714
INFO 2026-06-12 11:48:55,213 basehttp - Broken pipe from ('127.0.0.1', 41090)
INFO 2026-06-12 11:49:15,263 middleware ➡️ Request: GET /
ERROR 2026-06-12 11:49:15,299 log Internal Server Error: /
Traceback (most recent call last):
  File "/usr/local/lib/python3.14/site-packages/django/db/backends/utils.py", line 105, in _execute
    return self.cursor.execute(sql, params)
           ~~~~~~~~~~~~~~~~~~~^^^^^^^^^^^^^
  File "/usr/local/lib/python3.14/site-packages/psycopg/cursor.py", line 117, in execute
    raise ex.with_traceback(None)
psycopg.errors.UndefinedTable: relation "shop_book" does not exist
LINE 1: SELECT COUNT(*) AS "__count" FROM "shop_book"
                                          ^

The above exception was the direct cause of the following exception:

Traceback (most recent call last):
  File "/usr/local/lib/python3.14/site-packages/django/core/handlers/exception.py", line 55, in inner
    response = get_response(request)
  File "/usr/local/lib/python3.14/site-packages/django/core/handlers/base.py", line 198, in _get_response
    response = wrapped_callback(request, *callback_args, **callback_kwargs)
  File "/usr/local/lib/python3.14/site-packages/django/views/generic/base.py", line 106, in view
    return self.dispatch(request, *args, **kwargs)
           ~~~~~~~~~~~~~^^^^^^^^^^^^^^^^^^^^^^^^^^
  File "/usr/local/lib/python3.14/site-packages/django/views/generic/base.py", line 145, in dispatch
    return handler(request, *args, **kwargs)
  File "/usr/local/lib/python3.14/site-packages/django/views/generic/list.py", line 178, in get
    context = self.get_context_data()
  File "/usr/local/lib/python3.14/site-packages/django/views/generic/list.py", line 128, in get_context_data
    paginator, page, queryset, is_paginated = self.paginate_queryset(
                                              ~~~~~~~~~~~~~~~~~~~~~~^
        queryset, page_size
        ^^^^^^^^^^^^^^^^^^^
    )
    ^
  File "/usr/local/lib/python3.14/site-packages/django/views/generic/list.py", line 73, in paginate_queryset
    page = paginator.page(page_number)
  File "/usr/local/lib/python3.14/site-packages/django/core/paginator.py", line 177, in page
    number = self.validate_number(number)
  File "/usr/local/lib/python3.14/site-packages/django/core/paginator.py", line 160, in validate_number
    return self._validate_number(number, self.num_pages)
                                         ^^^^^^^^^^^^^^
  File "/usr/local/lib/python3.14/site-packages/django/utils/functional.py", line 47, in __get__
    res = instance.__dict__[self.name] = self.func(instance)
                                         ~~~~~~~~~^^^^^^^^^^
  File "/usr/local/lib/python3.14/site-packages/django/core/paginator.py", line 195, in num_pages
    if self.count == 0 and not self.allow_empty_first_page:
       ^^^^^^^^^^
  File "/usr/local/lib/python3.14/site-packages/django/utils/functional.py", line 47, in __get__
    res = instance.__dict__[self.name] = self.func(instance)
                                         ~~~~~~~~~^^^^^^^^^^
  File "/usr/local/lib/python3.14/site-packages/django/core/paginator.py", line 189, in count
    return c()
  File "/usr/local/lib/python3.14/site-packages/django/db/models/query.py", line 610, in count
    return self.query.get_count(using=self.db)
           ~~~~~~~~~~~~~~~~~~~~^^^^^^^^^^^^^^^
  File "/usr/local/lib/python3.14/site-packages/django/db/models/sql/query.py", line 656, in get_count
    return obj.get_aggregation(using, {"__count": Count("*")})["__count"]
           ~~~~~~~~~~~~~~~~~~~^^^^^^^^^^^^^^^^^^^^^^^^^^^^^^^^
  File "/usr/local/lib/python3.14/site-packages/django/db/models/sql/query.py", line 638, in get_aggregation
    result = compiler.execute_sql(SINGLE)
  File "/usr/local/lib/python3.14/site-packages/django/db/models/sql/compiler.py", line 1624, in execute_sql
    cursor.execute(sql, params)
    ~~~~~~~~~~~~~~^^^^^^^^^^^^^
  File "/usr/local/lib/python3.14/site-packages/debug_toolbar/panels/sql/tracking.py", line 243, in execute
    return self._record(super().execute, sql, params)
           ~~~~~~~~~~~~^^^^^^^^^^^^^^^^^^^^^^^^^^^^^^
  File "/usr/local/lib/python3.14/site-packages/debug_toolbar/panels/sql/tracking.py", line 164, in _record
    return method(sql, params)
  File "/usr/local/lib/python3.14/site-packages/django/db/backends/utils.py", line 122, in execute
    return super().execute(sql, params)
           ~~~~~~~~~~~~~~~^^^^^^^^^^^^^
  File "/usr/local/lib/python3.14/site-packages/django/db/backends/utils.py", line 79, in execute
    return self._execute_with_wrappers(
           ~~~~~~~~~~~~~~~~~~~~~~~~~~~^
        sql, params, many=False, executor=self._execute
        ^^^^^^^^^^^^^^^^^^^^^^^^^^^^^^^^^^^^^^^^^^^^^^^
    )
    ^
  File "/usr/local/lib/python3.14/site-packages/django/db/backends/utils.py", line 92, in _execute_with_wrappers
    return executor(sql, params, many, context)
  File "/usr/local/lib/python3.14/site-packages/django/db/backends/utils.py", line 100, in _execute
    with self.db.wrap_database_errors:
         ^^^^^^^^^^^^^^^^^^^^^^^^^^^^
  File "/usr/local/lib/python3.14/site-packages/django/db/utils.py", line 94, in __exit__
    raise dj_exc_value.with_traceback(traceback) from exc_value
  File "/usr/local/lib/python3.14/site-packages/django/db/backends/utils.py", line 105, in _execute
    return self.cursor.execute(sql, params)
           ~~~~~~~~~~~~~~~~~~~^^^^^^^^^^^^^
  File "/usr/local/lib/python3.14/site-packages/psycopg/cursor.py", line 117, in execute
    raise ex.with_traceback(None)
django.db.utils.ProgrammingError: relation "shop_book" does not exist
LINE 1: SELECT COUNT(*) AS "__count" FROM "shop_book"
                                          ^
INFO 2026-06-12 11:49:15,304 middleware ⬅️ Response: GET / Status: 500 Time: 0.041s
ERROR 2026-06-12 11:49:15,350 log "GET / HTTP/1.1" 500 193714
INFO 2026-06-12 11:49:15,353 basehttp - Broken pipe from ('127.0.0.1', 34576)
INFO 2026-06-12 11:49:35,419 middleware ➡️ Request: GET /
ERROR 2026-06-12 11:49:35,458 log Internal Server Error: /
Traceback (most recent call last):
  File "/usr/local/lib/python3.14/site-packages/django/db/backends/utils.py", line 105, in _execute
    return self.cursor.execute(sql, params)
           ~~~~~~~~~~~~~~~~~~~^^^^^^^^^^^^^
  File "/usr/local/lib/python3.14/site-packages/psycopg/cursor.py", line 117, in execute
    raise ex.with_traceback(None)
psycopg.errors.UndefinedTable: relation "shop_book" does not exist
LINE 1: SELECT COUNT(*) AS "__count" FROM "shop_book"
                                          ^

The above exception was the direct cause of the following exception:

Traceback (most recent call last):
  File "/usr/local/lib/python3.14/site-packages/django/core/handlers/exception.py", line 55, in inner
    response = get_response(request)
  File "/usr/local/lib/python3.14/site-packages/django/core/handlers/base.py", line 198, in _get_response
    response = wrapped_callback(request, *callback_args, **callback_kwargs)
  File "/usr/local/lib/python3.14/site-packages/django/views/generic/base.py", line 106, in view
    return self.dispatch(request, *args, **kwargs)
           ~~~~~~~~~~~~~^^^^^^^^^^^^^^^^^^^^^^^^^^
  File "/usr/local/lib/python3.14/site-packages/django/views/generic/base.py", line 145, in dispatch
    return handler(request, *args, **kwargs)
  File "/usr/local/lib/python3.14/site-packages/django/views/generic/list.py", line 178, in get
    context = self.get_context_data()
  File "/usr/local/lib/python3.14/site-packages/django/views/generic/list.py", line 128, in get_context_data
    paginator, page, queryset, is_paginated = self.paginate_queryset(
                                              ~~~~~~~~~~~~~~~~~~~~~~^
        queryset, page_size
        ^^^^^^^^^^^^^^^^^^^
    )
    ^
  File "/usr/local/lib/python3.14/site-packages/django/views/generic/list.py", line 73, in paginate_queryset
    page = paginator.page(page_number)
  File "/usr/local/lib/python3.14/site-packages/django/core/paginator.py", line 177, in page
    number = self.validate_number(number)
  File "/usr/local/lib/python3.14/site-packages/django/core/paginator.py", line 160, in validate_number
    return self._validate_number(number, self.num_pages)
                                         ^^^^^^^^^^^^^^
  File "/usr/local/lib/python3.14/site-packages/django/utils/functional.py", line 47, in __get__
    res = instance.__dict__[self.name] = self.func(instance)
                                         ~~~~~~~~~^^^^^^^^^^
  File "/usr/local/lib/python3.14/site-packages/django/core/paginator.py", line 195, in num_pages
    if self.count == 0 and not self.allow_empty_first_page:
       ^^^^^^^^^^
  File "/usr/local/lib/python3.14/site-packages/django/utils/functional.py", line 47, in __get__
    res = instance.__dict__[self.name] = self.func(instance)
                                         ~~~~~~~~~^^^^^^^^^^
  File "/usr/local/lib/python3.14/site-packages/django/core/paginator.py", line 189, in count
    return c()
  File "/usr/local/lib/python3.14/site-packages/django/db/models/query.py", line 610, in count
    return self.query.get_count(using=self.db)
           ~~~~~~~~~~~~~~~~~~~~^^^^^^^^^^^^^^^
  File "/usr/local/lib/python3.14/site-packages/django/db/models/sql/query.py", line 656, in get_count
    return obj.get_aggregation(using, {"__count": Count("*")})["__count"]
           ~~~~~~~~~~~~~~~~~~~^^^^^^^^^^^^^^^^^^^^^^^^^^^^^^^^
  File "/usr/local/lib/python3.14/site-packages/django/db/models/sql/query.py", line 638, in get_aggregation
    result = compiler.execute_sql(SINGLE)
  File "/usr/local/lib/python3.14/site-packages/django/db/models/sql/compiler.py", line 1624, in execute_sql
    cursor.execute(sql, params)
    ~~~~~~~~~~~~~~^^^^^^^^^^^^^
  File "/usr/local/lib/python3.14/site-packages/debug_toolbar/panels/sql/tracking.py", line 243, in execute
    return self._record(super().execute, sql, params)
           ~~~~~~~~~~~~^^^^^^^^^^^^^^^^^^^^^^^^^^^^^^
  File "/usr/local/lib/python3.14/site-packages/debug_toolbar/panels/sql/tracking.py", line 164, in _record
    return method(sql, params)
  File "/usr/local/lib/python3.14/site-packages/django/db/backends/utils.py", line 122, in execute
    return super().execute(sql, params)
           ~~~~~~~~~~~~~~~^^^^^^^^^^^^^
  File "/usr/local/lib/python3.14/site-packages/django/db/backends/utils.py", line 79, in execute
    return self._execute_with_wrappers(
           ~~~~~~~~~~~~~~~~~~~~~~~~~~~^
        sql, params, many=False, executor=self._execute
        ^^^^^^^^^^^^^^^^^^^^^^^^^^^^^^^^^^^^^^^^^^^^^^^
    )
    ^
  File "/usr/local/lib/python3.14/site-packages/django/db/backends/utils.py", line 92, in _execute_with_wrappers
    return executor(sql, params, many, context)
  File "/usr/local/lib/python3.14/site-packages/django/db/backends/utils.py", line 100, in _execute
    with self.db.wrap_database_errors:
         ^^^^^^^^^^^^^^^^^^^^^^^^^^^^
  File "/usr/local/lib/python3.14/site-packages/django/db/utils.py", line 94, in __exit__
    raise dj_exc_value.with_traceback(traceback) from exc_value
  File "/usr/local/lib/python3.14/site-packages/django/db/backends/utils.py", line 105, in _execute
    return self.cursor.execute(sql, params)
           ~~~~~~~~~~~~~~~~~~~^^^^^^^^^^^^^
  File "/usr/local/lib/python3.14/site-packages/psycopg/cursor.py", line 117, in execute
    raise ex.with_traceback(None)
django.db.utils.ProgrammingError: relation "shop_book" does not exist
LINE 1: SELECT COUNT(*) AS "__count" FROM "shop_book"
                                          ^
INFO 2026-06-12 11:49:35,464 middleware ⬅️ Response: GET / Status: 500 Time: 0.0457s
ERROR 2026-06-12 11:49:35,509 log "GET / HTTP/1.1" 500 193716
INFO 2026-06-12 11:49:35,512 basehttp - Broken pipe from ('127.0.0.1', 55938)
INFO 2026-06-12 11:49:55,554 middleware ➡️ Request: GET /
ERROR 2026-06-12 11:49:55,594 log Internal Server Error: /
Traceback (most recent call last):
  File "/usr/local/lib/python3.14/site-packages/django/db/backends/utils.py", line 105, in _execute
    return self.cursor.execute(sql, params)
           ~~~~~~~~~~~~~~~~~~~^^^^^^^^^^^^^
  File "/usr/local/lib/python3.14/site-packages/psycopg/cursor.py", line 117, in execute
    raise ex.with_traceback(None)
psycopg.errors.UndefinedTable: relation "shop_book" does not exist
LINE 1: SELECT COUNT(*) AS "__count" FROM "shop_book"
                                          ^

The above exception was the direct cause of the following exception:

Traceback (most recent call last):
  File "/usr/local/lib/python3.14/site-packages/django/core/handlers/exception.py", line 55, in inner
    response = get_response(request)
  File "/usr/local/lib/python3.14/site-packages/django/core/handlers/base.py", line 198, in _get_response
    response = wrapped_callback(request, *callback_args, **callback_kwargs)
  File "/usr/local/lib/python3.14/site-packages/django/views/generic/base.py", line 106, in view
    return self.dispatch(request, *args, **kwargs)
           ~~~~~~~~~~~~~^^^^^^^^^^^^^^^^^^^^^^^^^^
  File "/usr/local/lib/python3.14/site-packages/django/views/generic/base.py", line 145, in dispatch
    return handler(request, *args, **kwargs)
  File "/usr/local/lib/python3.14/site-packages/django/views/generic/list.py", line 178, in get
    context = self.get_context_data()
  File "/usr/local/lib/python3.14/site-packages/django/views/generic/list.py", line 128, in get_context_data
    paginator, page, queryset, is_paginated = self.paginate_queryset(
                                              ~~~~~~~~~~~~~~~~~~~~~~^
        queryset, page_size
        ^^^^^^^^^^^^^^^^^^^
    )
    ^
  File "/usr/local/lib/python3.14/site-packages/django/views/generic/list.py", line 73, in paginate_queryset
    page = paginator.page(page_number)
  File "/usr/local/lib/python3.14/site-packages/django/core/paginator.py", line 177, in page
    number = self.validate_number(number)
  File "/usr/local/lib/python3.14/site-packages/django/core/paginator.py", line 160, in validate_number
    return self._validate_number(number, self.num_pages)
                                         ^^^^^^^^^^^^^^
  File "/usr/local/lib/python3.14/site-packages/django/utils/functional.py", line 47, in __get__
    res = instance.__dict__[self.name] = self.func(instance)
                                         ~~~~~~~~~^^^^^^^^^^
  File "/usr/local/lib/python3.14/site-packages/django/core/paginator.py", line 195, in num_pages
    if self.count == 0 and not self.allow_empty_first_page:
       ^^^^^^^^^^
  File "/usr/local/lib/python3.14/site-packages/django/utils/functional.py", line 47, in __get__
    res = instance.__dict__[self.name] = self.func(instance)
                                         ~~~~~~~~~^^^^^^^^^^
  File "/usr/local/lib/python3.14/site-packages/django/core/paginator.py", line 189, in count
    return c()
  File "/usr/local/lib/python3.14/site-packages/django/db/models/query.py", line 610, in count
    return self.query.get_count(using=self.db)
           ~~~~~~~~~~~~~~~~~~~~^^^^^^^^^^^^^^^
  File "/usr/local/lib/python3.14/site-packages/django/db/models/sql/query.py", line 656, in get_count
    return obj.get_aggregation(using, {"__count": Count("*")})["__count"]
           ~~~~~~~~~~~~~~~~~~~^^^^^^^^^^^^^^^^^^^^^^^^^^^^^^^^
  File "/usr/local/lib/python3.14/site-packages/django/db/models/sql/query.py", line 638, in get_aggregation
    result = compiler.execute_sql(SINGLE)
  File "/usr/local/lib/python3.14/site-packages/django/db/models/sql/compiler.py", line 1624, in execute_sql
    cursor.execute(sql, params)
    ~~~~~~~~~~~~~~^^^^^^^^^^^^^
  File "/usr/local/lib/python3.14/site-packages/debug_toolbar/panels/sql/tracking.py", line 243, in execute
    return self._record(super().execute, sql, params)
           ~~~~~~~~~~~~^^^^^^^^^^^^^^^^^^^^^^^^^^^^^^
  File "/usr/local/lib/python3.14/site-packages/debug_toolbar/panels/sql/tracking.py", line 164, in _record
    return method(sql, params)
  File "/usr/local/lib/python3.14/site-packages/django/db/backends/utils.py", line 122, in execute
    return super().execute(sql, params)
           ~~~~~~~~~~~~~~~^^^^^^^^^^^^^
  File "/usr/local/lib/python3.14/site-packages/django/db/backends/utils.py", line 79, in execute
    return self._execute_with_wrappers(
           ~~~~~~~~~~~~~~~~~~~~~~~~~~~^
        sql, params, many=False, executor=self._execute
        ^^^^^^^^^^^^^^^^^^^^^^^^^^^^^^^^^^^^^^^^^^^^^^^
    )
    ^
  File "/usr/local/lib/python3.14/site-packages/django/db/backends/utils.py", line 92, in _execute_with_wrappers
    return executor(sql, params, many, context)
  File "/usr/local/lib/python3.14/site-packages/django/db/backends/utils.py", line 100, in _execute
    with self.db.wrap_database_errors:
         ^^^^^^^^^^^^^^^^^^^^^^^^^^^^
  File "/usr/local/lib/python3.14/site-packages/django/db/utils.py", line 94, in __exit__
    raise dj_exc_value.with_traceback(traceback) from exc_value
  File "/usr/local/lib/python3.14/site-packages/django/db/backends/utils.py", line 105, in _execute
    return self.cursor.execute(sql, params)
           ~~~~~~~~~~~~~~~~~~~^^^^^^^^^^^^^
  File "/usr/local/lib/python3.14/site-packages/psycopg/cursor.py", line 117, in execute
    raise ex.with_traceback(None)
django.db.utils.ProgrammingError: relation "shop_book" does not exist
LINE 1: SELECT COUNT(*) AS "__count" FROM "shop_book"
                                          ^
INFO 2026-06-12 11:49:55,600 middleware ⬅️ Response: GET / Status: 500 Time: 0.046s
ERROR 2026-06-12 11:49:55,635 log "GET / HTTP/1.1" 500 193714
INFO 2026-06-12 11:49:55,639 basehttp - Broken pipe from ('127.0.0.1', 37482)
INFO 2026-06-12 11:50:15,681 middleware ➡️ Request: GET /
ERROR 2026-06-12 11:50:15,713 log Internal Server Error: /
Traceback (most recent call last):
  File "/usr/local/lib/python3.14/site-packages/django/db/backends/utils.py", line 105, in _execute
    return self.cursor.execute(sql, params)
           ~~~~~~~~~~~~~~~~~~~^^^^^^^^^^^^^
  File "/usr/local/lib/python3.14/site-packages/psycopg/cursor.py", line 117, in execute
    raise ex.with_traceback(None)
psycopg.errors.UndefinedTable: relation "shop_book" does not exist
LINE 1: SELECT COUNT(*) AS "__count" FROM "shop_book"
                                          ^

The above exception was the direct cause of the following exception:

Traceback (most recent call last):
  File "/usr/local/lib/python3.14/site-packages/django/core/handlers/exception.py", line 55, in inner
    response = get_response(request)
  File "/usr/local/lib/python3.14/site-packages/django/core/handlers/base.py", line 198, in _get_response
    response = wrapped_callback(request, *callback_args, **callback_kwargs)
  File "/usr/local/lib/python3.14/site-packages/django/views/generic/base.py", line 106, in view
    return self.dispatch(request, *args, **kwargs)
           ~~~~~~~~~~~~~^^^^^^^^^^^^^^^^^^^^^^^^^^
  File "/usr/local/lib/python3.14/site-packages/django/views/generic/base.py", line 145, in dispatch
    return handler(request, *args, **kwargs)
  File "/usr/local/lib/python3.14/site-packages/django/views/generic/list.py", line 178, in get
    context = self.get_context_data()
  File "/usr/local/lib/python3.14/site-packages/django/views/generic/list.py", line 128, in get_context_data
    paginator, page, queryset, is_paginated = self.paginate_queryset(
                                              ~~~~~~~~~~~~~~~~~~~~~~^
        queryset, page_size
        ^^^^^^^^^^^^^^^^^^^
    )
    ^
  File "/usr/local/lib/python3.14/site-packages/django/views/generic/list.py", line 73, in paginate_queryset
    page = paginator.page(page_number)
  File "/usr/local/lib/python3.14/site-packages/django/core/paginator.py", line 177, in page
    number = self.validate_number(number)
  File "/usr/local/lib/python3.14/site-packages/django/core/paginator.py", line 160, in validate_number
    return self._validate_number(number, self.num_pages)
                                         ^^^^^^^^^^^^^^
  File "/usr/local/lib/python3.14/site-packages/django/utils/functional.py", line 47, in __get__
    res = instance.__dict__[self.name] = self.func(instance)
                                         ~~~~~~~~~^^^^^^^^^^
  File "/usr/local/lib/python3.14/site-packages/django/core/paginator.py", line 195, in num_pages
    if self.count == 0 and not self.allow_empty_first_page:
       ^^^^^^^^^^
  File "/usr/local/lib/python3.14/site-packages/django/utils/functional.py", line 47, in __get__
    res = instance.__dict__[self.name] = self.func(instance)
                                         ~~~~~~~~~^^^^^^^^^^
  File "/usr/local/lib/python3.14/site-packages/django/core/paginator.py", line 189, in count
    return c()
  File "/usr/local/lib/python3.14/site-packages/django/db/models/query.py", line 610, in count
    return self.query.get_count(using=self.db)
           ~~~~~~~~~~~~~~~~~~~~^^^^^^^^^^^^^^^
  File "/usr/local/lib/python3.14/site-packages/django/db/models/sql/query.py", line 656, in get_count
    return obj.get_aggregation(using, {"__count": Count("*")})["__count"]
           ~~~~~~~~~~~~~~~~~~~^^^^^^^^^^^^^^^^^^^^^^^^^^^^^^^^
  File "/usr/local/lib/python3.14/site-packages/django/db/models/sql/query.py", line 638, in get_aggregation
    result = compiler.execute_sql(SINGLE)
  File "/usr/local/lib/python3.14/site-packages/django/db/models/sql/compiler.py", line 1624, in execute_sql
    cursor.execute(sql, params)
    ~~~~~~~~~~~~~~^^^^^^^^^^^^^
  File "/usr/local/lib/python3.14/site-packages/debug_toolbar/panels/sql/tracking.py", line 243, in execute
    return self._record(super().execute, sql, params)
           ~~~~~~~~~~~~^^^^^^^^^^^^^^^^^^^^^^^^^^^^^^
  File "/usr/local/lib/python3.14/site-packages/debug_toolbar/panels/sql/tracking.py", line 164, in _record
    return method(sql, params)
  File "/usr/local/lib/python3.14/site-packages/django/db/backends/utils.py", line 122, in execute
    return super().execute(sql, params)
           ~~~~~~~~~~~~~~~^^^^^^^^^^^^^
  File "/usr/local/lib/python3.14/site-packages/django/db/backends/utils.py", line 79, in execute
    return self._execute_with_wrappers(
           ~~~~~~~~~~~~~~~~~~~~~~~~~~~^
        sql, params, many=False, executor=self._execute
        ^^^^^^^^^^^^^^^^^^^^^^^^^^^^^^^^^^^^^^^^^^^^^^^
    )
    ^
  File "/usr/local/lib/python3.14/site-packages/django/db/backends/utils.py", line 92, in _execute_with_wrappers
    return executor(sql, params, many, context)
  File "/usr/local/lib/python3.14/site-packages/django/db/backends/utils.py", line 100, in _execute
    with self.db.wrap_database_errors:
         ^^^^^^^^^^^^^^^^^^^^^^^^^^^^
  File "/usr/local/lib/python3.14/site-packages/django/db/utils.py", line 94, in __exit__
    raise dj_exc_value.with_traceback(traceback) from exc_value
  File "/usr/local/lib/python3.14/site-packages/django/db/backends/utils.py", line 105, in _execute
    return self.cursor.execute(sql, params)
           ~~~~~~~~~~~~~~~~~~~^^^^^^^^^^^^^
  File "/usr/local/lib/python3.14/site-packages/psycopg/cursor.py", line 117, in execute
    raise ex.with_traceback(None)
django.db.utils.ProgrammingError: relation "shop_book" does not exist
LINE 1: SELECT COUNT(*) AS "__count" FROM "shop_book"
                                          ^
INFO 2026-06-12 11:50:15,719 middleware ⬅️ Response: GET / Status: 500 Time: 0.0386s
ERROR 2026-06-12 11:50:15,760 log "GET / HTTP/1.1" 500 193715
INFO 2026-06-12 11:50:15,763 basehttp - Broken pipe from ('127.0.0.1', 60302)
INFO 2026-06-12 11:50:35,806 middleware ➡️ Request: GET /
ERROR 2026-06-12 11:50:35,844 log Internal Server Error: /
Traceback (most recent call last):
  File "/usr/local/lib/python3.14/site-packages/django/db/backends/utils.py", line 105, in _execute
    return self.cursor.execute(sql, params)
           ~~~~~~~~~~~~~~~~~~~^^^^^^^^^^^^^
  File "/usr/local/lib/python3.14/site-packages/psycopg/cursor.py", line 117, in execute
    raise ex.with_traceback(None)
psycopg.errors.UndefinedTable: relation "shop_book" does not exist
LINE 1: SELECT COUNT(*) AS "__count" FROM "shop_book"
                                          ^

The above exception was the direct cause of the following exception:

Traceback (most recent call last):
  File "/usr/local/lib/python3.14/site-packages/django/core/handlers/exception.py", line 55, in inner
    response = get_response(request)
  File "/usr/local/lib/python3.14/site-packages/django/core/handlers/base.py", line 198, in _get_response
    response = wrapped_callback(request, *callback_args, **callback_kwargs)
  File "/usr/local/lib/python3.14/site-packages/django/views/generic/base.py", line 106, in view
    return self.dispatch(request, *args, **kwargs)
           ~~~~~~~~~~~~~^^^^^^^^^^^^^^^^^^^^^^^^^^
  File "/usr/local/lib/python3.14/site-packages/django/views/generic/base.py", line 145, in dispatch
    return handler(request, *args, **kwargs)
  File "/usr/local/lib/python3.14/site-packages/django/views/generic/list.py", line 178, in get
    context = self.get_context_data()
  File "/usr/local/lib/python3.14/site-packages/django/views/generic/list.py", line 128, in get_context_data
    paginator, page, queryset, is_paginated = self.paginate_queryset(
                                              ~~~~~~~~~~~~~~~~~~~~~~^
        queryset, page_size
        ^^^^^^^^^^^^^^^^^^^
    )
    ^
  File "/usr/local/lib/python3.14/site-packages/django/views/generic/list.py", line 73, in paginate_queryset
    page = paginator.page(page_number)
  File "/usr/local/lib/python3.14/site-packages/django/core/paginator.py", line 177, in page
    number = self.validate_number(number)
  File "/usr/local/lib/python3.14/site-packages/django/core/paginator.py", line 160, in validate_number
    return self._validate_number(number, self.num_pages)
                                         ^^^^^^^^^^^^^^
  File "/usr/local/lib/python3.14/site-packages/django/utils/functional.py", line 47, in __get__
    res = instance.__dict__[self.name] = self.func(instance)
                                         ~~~~~~~~~^^^^^^^^^^
  File "/usr/local/lib/python3.14/site-packages/django/core/paginator.py", line 195, in num_pages
    if self.count == 0 and not self.allow_empty_first_page:
       ^^^^^^^^^^
  File "/usr/local/lib/python3.14/site-packages/django/utils/functional.py", line 47, in __get__
    res = instance.__dict__[self.name] = self.func(instance)
                                         ~~~~~~~~~^^^^^^^^^^
  File "/usr/local/lib/python3.14/site-packages/django/core/paginator.py", line 189, in count
    return c()
  File "/usr/local/lib/python3.14/site-packages/django/db/models/query.py", line 610, in count
    return self.query.get_count(using=self.db)
           ~~~~~~~~~~~~~~~~~~~~^^^^^^^^^^^^^^^
  File "/usr/local/lib/python3.14/site-packages/django/db/models/sql/query.py", line 656, in get_count
    return obj.get_aggregation(using, {"__count": Count("*")})["__count"]
           ~~~~~~~~~~~~~~~~~~~^^^^^^^^^^^^^^^^^^^^^^^^^^^^^^^^
  File "/usr/local/lib/python3.14/site-packages/django/db/models/sql/query.py", line 638, in get_aggregation
    result = compiler.execute_sql(SINGLE)
  File "/usr/local/lib/python3.14/site-packages/django/db/models/sql/compiler.py", line 1624, in execute_sql
    cursor.execute(sql, params)
    ~~~~~~~~~~~~~~^^^^^^^^^^^^^
  File "/usr/local/lib/python3.14/site-packages/debug_toolbar/panels/sql/tracking.py", line 243, in execute
    return self._record(super().execute, sql, params)
           ~~~~~~~~~~~~^^^^^^^^^^^^^^^^^^^^^^^^^^^^^^
  File "/usr/local/lib/python3.14/site-packages/debug_toolbar/panels/sql/tracking.py", line 164, in _record
    return method(sql, params)
  File "/usr/local/lib/python3.14/site-packages/django/db/backends/utils.py", line 122, in execute
    return super().execute(sql, params)
           ~~~~~~~~~~~~~~~^^^^^^^^^^^^^
  File "/usr/local/lib/python3.14/site-packages/django/db/backends/utils.py", line 79, in execute
    return self._execute_with_wrappers(
           ~~~~~~~~~~~~~~~~~~~~~~~~~~~^
        sql, params, many=False, executor=self._execute
        ^^^^^^^^^^^^^^^^^^^^^^^^^^^^^^^^^^^^^^^^^^^^^^^
    )
    ^
  File "/usr/local/lib/python3.14/site-packages/django/db/backends/utils.py", line 92, in _execute_with_wrappers
    return executor(sql, params, many, context)
  File "/usr/local/lib/python3.14/site-packages/django/db/backends/utils.py", line 100, in _execute
    with self.db.wrap_database_errors:
         ^^^^^^^^^^^^^^^^^^^^^^^^^^^^
  File "/usr/local/lib/python3.14/site-packages/django/db/utils.py", line 94, in __exit__
    raise dj_exc_value.with_traceback(traceback) from exc_value
  File "/usr/local/lib/python3.14/site-packages/django/db/backends/utils.py", line 105, in _execute
    return self.cursor.execute(sql, params)
           ~~~~~~~~~~~~~~~~~~~^^^^^^^^^^^^^
  File "/usr/local/lib/python3.14/site-packages/psycopg/cursor.py", line 117, in execute
    raise ex.with_traceback(None)
django.db.utils.ProgrammingError: relation "shop_book" does not exist
LINE 1: SELECT COUNT(*) AS "__count" FROM "shop_book"
                                          ^
INFO 2026-06-12 11:50:35,851 middleware ⬅️ Response: GET / Status: 500 Time: 0.0443s
ERROR 2026-06-12 11:50:35,888 log "GET / HTTP/1.1" 500 193711
INFO 2026-06-12 11:50:35,893 basehttp - Broken pipe from ('127.0.0.1', 48096)
INFO 2026-06-12 11:50:55,956 middleware ➡️ Request: GET /
ERROR 2026-06-12 11:50:55,990 log Internal Server Error: /
Traceback (most recent call last):
  File "/usr/local/lib/python3.14/site-packages/django/db/backends/utils.py", line 105, in _execute
    return self.cursor.execute(sql, params)
           ~~~~~~~~~~~~~~~~~~~^^^^^^^^^^^^^
  File "/usr/local/lib/python3.14/site-packages/psycopg/cursor.py", line 117, in execute
    raise ex.with_traceback(None)
psycopg.errors.UndefinedTable: relation "shop_book" does not exist
LINE 1: SELECT COUNT(*) AS "__count" FROM "shop_book"
                                          ^

The above exception was the direct cause of the following exception:

Traceback (most recent call last):
  File "/usr/local/lib/python3.14/site-packages/django/core/handlers/exception.py", line 55, in inner
    response = get_response(request)
  File "/usr/local/lib/python3.14/site-packages/django/core/handlers/base.py", line 198, in _get_response
    response = wrapped_callback(request, *callback_args, **callback_kwargs)
  File "/usr/local/lib/python3.14/site-packages/django/views/generic/base.py", line 106, in view
    return self.dispatch(request, *args, **kwargs)
           ~~~~~~~~~~~~~^^^^^^^^^^^^^^^^^^^^^^^^^^
  File "/usr/local/lib/python3.14/site-packages/django/views/generic/base.py", line 145, in dispatch
    return handler(request, *args, **kwargs)
  File "/usr/local/lib/python3.14/site-packages/django/views/generic/list.py", line 178, in get
    context = self.get_context_data()
  File "/usr/local/lib/python3.14/site-packages/django/views/generic/list.py", line 128, in get_context_data
    paginator, page, queryset, is_paginated = self.paginate_queryset(
                                              ~~~~~~~~~~~~~~~~~~~~~~^
        queryset, page_size
        ^^^^^^^^^^^^^^^^^^^
    )
    ^
  File "/usr/local/lib/python3.14/site-packages/django/views/generic/list.py", line 73, in paginate_queryset
    page = paginator.page(page_number)
  File "/usr/local/lib/python3.14/site-packages/django/core/paginator.py", line 177, in page
    number = self.validate_number(number)
  File "/usr/local/lib/python3.14/site-packages/django/core/paginator.py", line 160, in validate_number
    return self._validate_number(number, self.num_pages)
                                         ^^^^^^^^^^^^^^
  File "/usr/local/lib/python3.14/site-packages/django/utils/functional.py", line 47, in __get__
    res = instance.__dict__[self.name] = self.func(instance)
                                         ~~~~~~~~~^^^^^^^^^^
  File "/usr/local/lib/python3.14/site-packages/django/core/paginator.py", line 195, in num_pages
    if self.count == 0 and not self.allow_empty_first_page:
       ^^^^^^^^^^
  File "/usr/local/lib/python3.14/site-packages/django/utils/functional.py", line 47, in __get__
    res = instance.__dict__[self.name] = self.func(instance)
                                         ~~~~~~~~~^^^^^^^^^^
  File "/usr/local/lib/python3.14/site-packages/django/core/paginator.py", line 189, in count
    return c()
  File "/usr/local/lib/python3.14/site-packages/django/db/models/query.py", line 610, in count
    return self.query.get_count(using=self.db)
           ~~~~~~~~~~~~~~~~~~~~^^^^^^^^^^^^^^^
  File "/usr/local/lib/python3.14/site-packages/django/db/models/sql/query.py", line 656, in get_count
    return obj.get_aggregation(using, {"__count": Count("*")})["__count"]
           ~~~~~~~~~~~~~~~~~~~^^^^^^^^^^^^^^^^^^^^^^^^^^^^^^^^
  File "/usr/local/lib/python3.14/site-packages/django/db/models/sql/query.py", line 638, in get_aggregation
    result = compiler.execute_sql(SINGLE)
  File "/usr/local/lib/python3.14/site-packages/django/db/models/sql/compiler.py", line 1624, in execute_sql
    cursor.execute(sql, params)
    ~~~~~~~~~~~~~~^^^^^^^^^^^^^
  File "/usr/local/lib/python3.14/site-packages/debug_toolbar/panels/sql/tracking.py", line 243, in execute
    return self._record(super().execute, sql, params)
           ~~~~~~~~~~~~^^^^^^^^^^^^^^^^^^^^^^^^^^^^^^
  File "/usr/local/lib/python3.14/site-packages/debug_toolbar/panels/sql/tracking.py", line 164, in _record
    return method(sql, params)
  File "/usr/local/lib/python3.14/site-packages/django/db/backends/utils.py", line 122, in execute
    return super().execute(sql, params)
           ~~~~~~~~~~~~~~~^^^^^^^^^^^^^
  File "/usr/local/lib/python3.14/site-packages/django/db/backends/utils.py", line 79, in execute
    return self._execute_with_wrappers(
           ~~~~~~~~~~~~~~~~~~~~~~~~~~~^
        sql, params, many=False, executor=self._execute
        ^^^^^^^^^^^^^^^^^^^^^^^^^^^^^^^^^^^^^^^^^^^^^^^
    )
    ^
  File "/usr/local/lib/python3.14/site-packages/django/db/backends/utils.py", line 92, in _execute_with_wrappers
    return executor(sql, params, many, context)
  File "/usr/local/lib/python3.14/site-packages/django/db/backends/utils.py", line 100, in _execute
    with self.db.wrap_database_errors:
         ^^^^^^^^^^^^^^^^^^^^^^^^^^^^
  File "/usr/local/lib/python3.14/site-packages/django/db/utils.py", line 94, in __exit__
    raise dj_exc_value.with_traceback(traceback) from exc_value
  File "/usr/local/lib/python3.14/site-packages/django/db/backends/utils.py", line 105, in _execute
    return self.cursor.execute(sql, params)
           ~~~~~~~~~~~~~~~~~~~^^^^^^^^^^^^^
  File "/usr/local/lib/python3.14/site-packages/psycopg/cursor.py", line 117, in execute
    raise ex.with_traceback(None)
django.db.utils.ProgrammingError: relation "shop_book" does not exist
LINE 1: SELECT COUNT(*) AS "__count" FROM "shop_book"
                                          ^
INFO 2026-06-12 11:50:55,996 middleware ⬅️ Response: GET / Status: 500 Time: 0.0399s
ERROR 2026-06-12 11:50:56,033 log "GET / HTTP/1.1" 500 193714
INFO 2026-06-12 11:50:56,037 basehttp - Broken pipe from ('127.0.0.1', 55018)
INFO 2026-06-12 11:51:16,078 middleware ➡️ Request: GET /
ERROR 2026-06-12 11:51:16,111 log Internal Server Error: /
Traceback (most recent call last):
  File "/usr/local/lib/python3.14/site-packages/django/db/backends/utils.py", line 105, in _execute
    return self.cursor.execute(sql, params)
           ~~~~~~~~~~~~~~~~~~~^^^^^^^^^^^^^
  File "/usr/local/lib/python3.14/site-packages/psycopg/cursor.py", line 117, in execute
    raise ex.with_traceback(None)
psycopg.errors.UndefinedTable: relation "shop_book" does not exist
LINE 1: SELECT COUNT(*) AS "__count" FROM "shop_book"
                                          ^

The above exception was the direct cause of the following exception:

Traceback (most recent call last):
  File "/usr/local/lib/python3.14/site-packages/django/core/handlers/exception.py", line 55, in inner
    response = get_response(request)
  File "/usr/local/lib/python3.14/site-packages/django/core/handlers/base.py", line 198, in _get_response
    response = wrapped_callback(request, *callback_args, **callback_kwargs)
  File "/usr/local/lib/python3.14/site-packages/django/views/generic/base.py", line 106, in view
    return self.dispatch(request, *args, **kwargs)
           ~~~~~~~~~~~~~^^^^^^^^^^^^^^^^^^^^^^^^^^
  File "/usr/local/lib/python3.14/site-packages/django/views/generic/base.py", line 145, in dispatch
    return handler(request, *args, **kwargs)
  File "/usr/local/lib/python3.14/site-packages/django/views/generic/list.py", line 178, in get
    context = self.get_context_data()
  File "/usr/local/lib/python3.14/site-packages/django/views/generic/list.py", line 128, in get_context_data
    paginator, page, queryset, is_paginated = self.paginate_queryset(
                                              ~~~~~~~~~~~~~~~~~~~~~~^
        queryset, page_size
        ^^^^^^^^^^^^^^^^^^^
    )
    ^
  File "/usr/local/lib/python3.14/site-packages/django/views/generic/list.py", line 73, in paginate_queryset
    page = paginator.page(page_number)
  File "/usr/local/lib/python3.14/site-packages/django/core/paginator.py", line 177, in page
    number = self.validate_number(number)
  File "/usr/local/lib/python3.14/site-packages/django/core/paginator.py", line 160, in validate_number
    return self._validate_number(number, self.num_pages)
                                         ^^^^^^^^^^^^^^
  File "/usr/local/lib/python3.14/site-packages/django/utils/functional.py", line 47, in __get__
    res = instance.__dict__[self.name] = self.func(instance)
                                         ~~~~~~~~~^^^^^^^^^^
  File "/usr/local/lib/python3.14/site-packages/django/core/paginator.py", line 195, in num_pages
    if self.count == 0 and not self.allow_empty_first_page:
       ^^^^^^^^^^
  File "/usr/local/lib/python3.14/site-packages/django/utils/functional.py", line 47, in __get__
    res = instance.__dict__[self.name] = self.func(instance)
                                         ~~~~~~~~~^^^^^^^^^^
  File "/usr/local/lib/python3.14/site-packages/django/core/paginator.py", line 189, in count
    return c()
  File "/usr/local/lib/python3.14/site-packages/django/db/models/query.py", line 610, in count
    return self.query.get_count(using=self.db)
           ~~~~~~~~~~~~~~~~~~~~^^^^^^^^^^^^^^^
  File "/usr/local/lib/python3.14/site-packages/django/db/models/sql/query.py", line 656, in get_count
    return obj.get_aggregation(using, {"__count": Count("*")})["__count"]
           ~~~~~~~~~~~~~~~~~~~^^^^^^^^^^^^^^^^^^^^^^^^^^^^^^^^
  File "/usr/local/lib/python3.14/site-packages/django/db/models/sql/query.py", line 638, in get_aggregation
    result = compiler.execute_sql(SINGLE)
  File "/usr/local/lib/python3.14/site-packages/django/db/models/sql/compiler.py", line 1624, in execute_sql
    cursor.execute(sql, params)
    ~~~~~~~~~~~~~~^^^^^^^^^^^^^
  File "/usr/local/lib/python3.14/site-packages/debug_toolbar/panels/sql/tracking.py", line 243, in execute
    return self._record(super().execute, sql, params)
           ~~~~~~~~~~~~^^^^^^^^^^^^^^^^^^^^^^^^^^^^^^
  File "/usr/local/lib/python3.14/site-packages/debug_toolbar/panels/sql/tracking.py", line 164, in _record
    return method(sql, params)
  File "/usr/local/lib/python3.14/site-packages/django/db/backends/utils.py", line 122, in execute
    return super().execute(sql, params)
           ~~~~~~~~~~~~~~~^^^^^^^^^^^^^
  File "/usr/local/lib/python3.14/site-packages/django/db/backends/utils.py", line 79, in execute
    return self._execute_with_wrappers(
           ~~~~~~~~~~~~~~~~~~~~~~~~~~~^
        sql, params, many=False, executor=self._execute
        ^^^^^^^^^^^^^^^^^^^^^^^^^^^^^^^^^^^^^^^^^^^^^^^
    )
    ^
  File "/usr/local/lib/python3.14/site-packages/django/db/backends/utils.py", line 92, in _execute_with_wrappers
    return executor(sql, params, many, context)
  File "/usr/local/lib/python3.14/site-packages/django/db/backends/utils.py", line 100, in _execute
    with self.db.wrap_database_errors:
         ^^^^^^^^^^^^^^^^^^^^^^^^^^^^
  File "/usr/local/lib/python3.14/site-packages/django/db/utils.py", line 94, in __exit__
    raise dj_exc_value.with_traceback(traceback) from exc_value
  File "/usr/local/lib/python3.14/site-packages/django/db/backends/utils.py", line 105, in _execute
    return self.cursor.execute(sql, params)
           ~~~~~~~~~~~~~~~~~~~^^^^^^^^^^^^^
  File "/usr/local/lib/python3.14/site-packages/psycopg/cursor.py", line 117, in execute
    raise ex.with_traceback(None)
django.db.utils.ProgrammingError: relation "shop_book" does not exist
LINE 1: SELECT COUNT(*) AS "__count" FROM "shop_book"
                                          ^
INFO 2026-06-12 11:51:16,118 middleware ⬅️ Response: GET / Status: 500 Time: 0.0392s
ERROR 2026-06-12 11:51:16,152 log "GET / HTTP/1.1" 500 193716
INFO 2026-06-12 11:51:16,156 basehttp - Broken pipe from ('127.0.0.1', 38012)
INFO 2026-06-12 11:51:36,198 middleware ➡️ Request: GET /
ERROR 2026-06-12 11:51:36,231 log Internal Server Error: /
Traceback (most recent call last):
  File "/usr/local/lib/python3.14/site-packages/django/db/backends/utils.py", line 105, in _execute
    return self.cursor.execute(sql, params)
           ~~~~~~~~~~~~~~~~~~~^^^^^^^^^^^^^
  File "/usr/local/lib/python3.14/site-packages/psycopg/cursor.py", line 117, in execute
    raise ex.with_traceback(None)
psycopg.errors.UndefinedTable: relation "shop_book" does not exist
LINE 1: SELECT COUNT(*) AS "__count" FROM "shop_book"
                                          ^

The above exception was the direct cause of the following exception:

Traceback (most recent call last):
  File "/usr/local/lib/python3.14/site-packages/django/core/handlers/exception.py", line 55, in inner
    response = get_response(request)
  File "/usr/local/lib/python3.14/site-packages/django/core/handlers/base.py", line 198, in _get_response
    response = wrapped_callback(request, *callback_args, **callback_kwargs)
  File "/usr/local/lib/python3.14/site-packages/django/views/generic/base.py", line 106, in view
    return self.dispatch(request, *args, **kwargs)
           ~~~~~~~~~~~~~^^^^^^^^^^^^^^^^^^^^^^^^^^
  File "/usr/local/lib/python3.14/site-packages/django/views/generic/base.py", line 145, in dispatch
    return handler(request, *args, **kwargs)
  File "/usr/local/lib/python3.14/site-packages/django/views/generic/list.py", line 178, in get
    context = self.get_context_data()
  File "/usr/local/lib/python3.14/site-packages/django/views/generic/list.py", line 128, in get_context_data
    paginator, page, queryset, is_paginated = self.paginate_queryset(
                                              ~~~~~~~~~~~~~~~~~~~~~~^
        queryset, page_size
        ^^^^^^^^^^^^^^^^^^^
    )
    ^
  File "/usr/local/lib/python3.14/site-packages/django/views/generic/list.py", line 73, in paginate_queryset
    page = paginator.page(page_number)
  File "/usr/local/lib/python3.14/site-packages/django/core/paginator.py", line 177, in page
    number = self.validate_number(number)
  File "/usr/local/lib/python3.14/site-packages/django/core/paginator.py", line 160, in validate_number
    return self._validate_number(number, self.num_pages)
                                         ^^^^^^^^^^^^^^
  File "/usr/local/lib/python3.14/site-packages/django/utils/functional.py", line 47, in __get__
    res = instance.__dict__[self.name] = self.func(instance)
                                         ~~~~~~~~~^^^^^^^^^^
  File "/usr/local/lib/python3.14/site-packages/django/core/paginator.py", line 195, in num_pages
    if self.count == 0 and not self.allow_empty_first_page:
       ^^^^^^^^^^
  File "/usr/local/lib/python3.14/site-packages/django/utils/functional.py", line 47, in __get__
    res = instance.__dict__[self.name] = self.func(instance)
                                         ~~~~~~~~~^^^^^^^^^^
  File "/usr/local/lib/python3.14/site-packages/django/core/paginator.py", line 189, in count
    return c()
  File "/usr/local/lib/python3.14/site-packages/django/db/models/query.py", line 610, in count
    return self.query.get_count(using=self.db)
           ~~~~~~~~~~~~~~~~~~~~^^^^^^^^^^^^^^^
  File "/usr/local/lib/python3.14/site-packages/django/db/models/sql/query.py", line 656, in get_count
    return obj.get_aggregation(using, {"__count": Count("*")})["__count"]
           ~~~~~~~~~~~~~~~~~~~^^^^^^^^^^^^^^^^^^^^^^^^^^^^^^^^
  File "/usr/local/lib/python3.14/site-packages/django/db/models/sql/query.py", line 638, in get_aggregation
    result = compiler.execute_sql(SINGLE)
  File "/usr/local/lib/python3.14/site-packages/django/db/models/sql/compiler.py", line 1624, in execute_sql
    cursor.execute(sql, params)
    ~~~~~~~~~~~~~~^^^^^^^^^^^^^
  File "/usr/local/lib/python3.14/site-packages/debug_toolbar/panels/sql/tracking.py", line 243, in execute
    return self._record(super().execute, sql, params)
           ~~~~~~~~~~~~^^^^^^^^^^^^^^^^^^^^^^^^^^^^^^
  File "/usr/local/lib/python3.14/site-packages/debug_toolbar/panels/sql/tracking.py", line 164, in _record
    return method(sql, params)
  File "/usr/local/lib/python3.14/site-packages/django/db/backends/utils.py", line 122, in execute
    return super().execute(sql, params)
           ~~~~~~~~~~~~~~~^^^^^^^^^^^^^
  File "/usr/local/lib/python3.14/site-packages/django/db/backends/utils.py", line 79, in execute
    return self._execute_with_wrappers(
           ~~~~~~~~~~~~~~~~~~~~~~~~~~~^
        sql, params, many=False, executor=self._execute
        ^^^^^^^^^^^^^^^^^^^^^^^^^^^^^^^^^^^^^^^^^^^^^^^
    )
    ^
  File "/usr/local/lib/python3.14/site-packages/django/db/backends/utils.py", line 92, in _execute_with_wrappers
    return executor(sql, params, many, context)
  File "/usr/local/lib/python3.14/site-packages/django/db/backends/utils.py", line 100, in _execute
    with self.db.wrap_database_errors:
         ^^^^^^^^^^^^^^^^^^^^^^^^^^^^
  File "/usr/local/lib/python3.14/site-packages/django/db/utils.py", line 94, in __exit__
    raise dj_exc_value.with_traceback(traceback) from exc_value
  File "/usr/local/lib/python3.14/site-packages/django/db/backends/utils.py", line 105, in _execute
    return self.cursor.execute(sql, params)
           ~~~~~~~~~~~~~~~~~~~^^^^^^^^^^^^^
  File "/usr/local/lib/python3.14/site-packages/psycopg/cursor.py", line 117, in execute
    raise ex.with_traceback(None)
django.db.utils.ProgrammingError: relation "shop_book" does not exist
LINE 1: SELECT COUNT(*) AS "__count" FROM "shop_book"
                                          ^
INFO 2026-06-12 11:51:36,237 middleware ⬅️ Response: GET / Status: 500 Time: 0.039s
ERROR 2026-06-12 11:51:36,270 log "GET / HTTP/1.1" 500 193716
INFO 2026-06-12 11:51:36,273 basehttp - Broken pipe from ('127.0.0.1', 44160)
INFO 2026-06-12 11:51:56,329 middleware ➡️ Request: GET /
ERROR 2026-06-12 11:51:56,366 log Internal Server Error: /
Traceback (most recent call last):
  File "/usr/local/lib/python3.14/site-packages/django/db/backends/utils.py", line 105, in _execute
    return self.cursor.execute(sql, params)
           ~~~~~~~~~~~~~~~~~~~^^^^^^^^^^^^^
  File "/usr/local/lib/python3.14/site-packages/psycopg/cursor.py", line 117, in execute
    raise ex.with_traceback(None)
psycopg.errors.UndefinedTable: relation "shop_book" does not exist
LINE 1: SELECT COUNT(*) AS "__count" FROM "shop_book"
                                          ^

The above exception was the direct cause of the following exception:

Traceback (most recent call last):
  File "/usr/local/lib/python3.14/site-packages/django/core/handlers/exception.py", line 55, in inner
    response = get_response(request)
  File "/usr/local/lib/python3.14/site-packages/django/core/handlers/base.py", line 198, in _get_response
    response = wrapped_callback(request, *callback_args, **callback_kwargs)
  File "/usr/local/lib/python3.14/site-packages/django/views/generic/base.py", line 106, in view
    return self.dispatch(request, *args, **kwargs)
           ~~~~~~~~~~~~~^^^^^^^^^^^^^^^^^^^^^^^^^^
  File "/usr/local/lib/python3.14/site-packages/django/views/generic/base.py", line 145, in dispatch
    return handler(request, *args, **kwargs)
  File "/usr/local/lib/python3.14/site-packages/django/views/generic/list.py", line 178, in get
    context = self.get_context_data()
  File "/usr/local/lib/python3.14/site-packages/django/views/generic/list.py", line 128, in get_context_data
    paginator, page, queryset, is_paginated = self.paginate_queryset(
                                              ~~~~~~~~~~~~~~~~~~~~~~^
        queryset, page_size
        ^^^^^^^^^^^^^^^^^^^
    )
    ^
  File "/usr/local/lib/python3.14/site-packages/django/views/generic/list.py", line 73, in paginate_queryset
    page = paginator.page(page_number)
  File "/usr/local/lib/python3.14/site-packages/django/core/paginator.py", line 177, in page
    number = self.validate_number(number)
  File "/usr/local/lib/python3.14/site-packages/django/core/paginator.py", line 160, in validate_number
    return self._validate_number(number, self.num_pages)
                                         ^^^^^^^^^^^^^^
  File "/usr/local/lib/python3.14/site-packages/django/utils/functional.py", line 47, in __get__
    res = instance.__dict__[self.name] = self.func(instance)
                                         ~~~~~~~~~^^^^^^^^^^
  File "/usr/local/lib/python3.14/site-packages/django/core/paginator.py", line 195, in num_pages
    if self.count == 0 and not self.allow_empty_first_page:
       ^^^^^^^^^^
  File "/usr/local/lib/python3.14/site-packages/django/utils/functional.py", line 47, in __get__
    res = instance.__dict__[self.name] = self.func(instance)
                                         ~~~~~~~~~^^^^^^^^^^
  File "/usr/local/lib/python3.14/site-packages/django/core/paginator.py", line 189, in count
    return c()
  File "/usr/local/lib/python3.14/site-packages/django/db/models/query.py", line 610, in count
    return self.query.get_count(using=self.db)
           ~~~~~~~~~~~~~~~~~~~~^^^^^^^^^^^^^^^
  File "/usr/local/lib/python3.14/site-packages/django/db/models/sql/query.py", line 656, in get_count
    return obj.get_aggregation(using, {"__count": Count("*")})["__count"]
           ~~~~~~~~~~~~~~~~~~~^^^^^^^^^^^^^^^^^^^^^^^^^^^^^^^^
  File "/usr/local/lib/python3.14/site-packages/django/db/models/sql/query.py", line 638, in get_aggregation
    result = compiler.execute_sql(SINGLE)
  File "/usr/local/lib/python3.14/site-packages/django/db/models/sql/compiler.py", line 1624, in execute_sql
    cursor.execute(sql, params)
    ~~~~~~~~~~~~~~^^^^^^^^^^^^^
  File "/usr/local/lib/python3.14/site-packages/debug_toolbar/panels/sql/tracking.py", line 243, in execute
    return self._record(super().execute, sql, params)
           ~~~~~~~~~~~~^^^^^^^^^^^^^^^^^^^^^^^^^^^^^^
  File "/usr/local/lib/python3.14/site-packages/debug_toolbar/panels/sql/tracking.py", line 164, in _record
    return method(sql, params)
  File "/usr/local/lib/python3.14/site-packages/django/db/backends/utils.py", line 122, in execute
    return super().execute(sql, params)
           ~~~~~~~~~~~~~~~^^^^^^^^^^^^^
  File "/usr/local/lib/python3.14/site-packages/django/db/backends/utils.py", line 79, in execute
    return self._execute_with_wrappers(
           ~~~~~~~~~~~~~~~~~~~~~~~~~~~^
        sql, params, many=False, executor=self._execute
        ^^^^^^^^^^^^^^^^^^^^^^^^^^^^^^^^^^^^^^^^^^^^^^^
    )
    ^
  File "/usr/local/lib/python3.14/site-packages/django/db/backends/utils.py", line 92, in _execute_with_wrappers
    return executor(sql, params, many, context)
  File "/usr/local/lib/python3.14/site-packages/django/db/backends/utils.py", line 100, in _execute
    with self.db.wrap_database_errors:
         ^^^^^^^^^^^^^^^^^^^^^^^^^^^^
  File "/usr/local/lib/python3.14/site-packages/django/db/utils.py", line 94, in __exit__
    raise dj_exc_value.with_traceback(traceback) from exc_value
  File "/usr/local/lib/python3.14/site-packages/django/db/backends/utils.py", line 105, in _execute
    return self.cursor.execute(sql, params)
           ~~~~~~~~~~~~~~~~~~~^^^^^^^^^^^^^
  File "/usr/local/lib/python3.14/site-packages/psycopg/cursor.py", line 117, in execute
    raise ex.with_traceback(None)
django.db.utils.ProgrammingError: relation "shop_book" does not exist
LINE 1: SELECT COUNT(*) AS "__count" FROM "shop_book"
                                          ^
INFO 2026-06-12 11:51:56,371 middleware ⬅️ Response: GET / Status: 500 Time: 0.0428s
ERROR 2026-06-12 11:51:56,413 log "GET / HTTP/1.1" 500 193714
INFO 2026-06-12 11:51:56,416 basehttp - Broken pipe from ('127.0.0.1', 36248)
INFO 2026-06-12 11:52:16,466 middleware ➡️ Request: GET /
ERROR 2026-06-12 11:52:16,507 log Internal Server Error: /
Traceback (most recent call last):
  File "/usr/local/lib/python3.14/site-packages/django/db/backends/utils.py", line 105, in _execute
    return self.cursor.execute(sql, params)
           ~~~~~~~~~~~~~~~~~~~^^^^^^^^^^^^^
  File "/usr/local/lib/python3.14/site-packages/psycopg/cursor.py", line 117, in execute
    raise ex.with_traceback(None)
psycopg.errors.UndefinedTable: relation "shop_book" does not exist
LINE 1: SELECT COUNT(*) AS "__count" FROM "shop_book"
                                          ^

The above exception was the direct cause of the following exception:

Traceback (most recent call last):
  File "/usr/local/lib/python3.14/site-packages/django/core/handlers/exception.py", line 55, in inner
    response = get_response(request)
  File "/usr/local/lib/python3.14/site-packages/django/core/handlers/base.py", line 198, in _get_response
    response = wrapped_callback(request, *callback_args, **callback_kwargs)
  File "/usr/local/lib/python3.14/site-packages/django/views/generic/base.py", line 106, in view
    return self.dispatch(request, *args, **kwargs)
           ~~~~~~~~~~~~~^^^^^^^^^^^^^^^^^^^^^^^^^^
  File "/usr/local/lib/python3.14/site-packages/django/views/generic/base.py", line 145, in dispatch
    return handler(request, *args, **kwargs)
  File "/usr/local/lib/python3.14/site-packages/django/views/generic/list.py", line 178, in get
    context = self.get_context_data()
  File "/usr/local/lib/python3.14/site-packages/django/views/generic/list.py", line 128, in get_context_data
    paginator, page, queryset, is_paginated = self.paginate_queryset(
                                              ~~~~~~~~~~~~~~~~~~~~~~^
        queryset, page_size
        ^^^^^^^^^^^^^^^^^^^
    )
    ^
  File "/usr/local/lib/python3.14/site-packages/django/views/generic/list.py", line 73, in paginate_queryset
    page = paginator.page(page_number)
  File "/usr/local/lib/python3.14/site-packages/django/core/paginator.py", line 177, in page
    number = self.validate_number(number)
  File "/usr/local/lib/python3.14/site-packages/django/core/paginator.py", line 160, in validate_number
    return self._validate_number(number, self.num_pages)
                                         ^^^^^^^^^^^^^^
  File "/usr/local/lib/python3.14/site-packages/django/utils/functional.py", line 47, in __get__
    res = instance.__dict__[self.name] = self.func(instance)
                                         ~~~~~~~~~^^^^^^^^^^
  File "/usr/local/lib/python3.14/site-packages/django/core/paginator.py", line 195, in num_pages
    if self.count == 0 and not self.allow_empty_first_page:
       ^^^^^^^^^^
  File "/usr/local/lib/python3.14/site-packages/django/utils/functional.py", line 47, in __get__
    res = instance.__dict__[self.name] = self.func(instance)
                                         ~~~~~~~~~^^^^^^^^^^
  File "/usr/local/lib/python3.14/site-packages/django/core/paginator.py", line 189, in count
    return c()
  File "/usr/local/lib/python3.14/site-packages/django/db/models/query.py", line 610, in count
    return self.query.get_count(using=self.db)
           ~~~~~~~~~~~~~~~~~~~~^^^^^^^^^^^^^^^
  File "/usr/local/lib/python3.14/site-packages/django/db/models/sql/query.py", line 656, in get_count
    return obj.get_aggregation(using, {"__count": Count("*")})["__count"]
           ~~~~~~~~~~~~~~~~~~~^^^^^^^^^^^^^^^^^^^^^^^^^^^^^^^^
  File "/usr/local/lib/python3.14/site-packages/django/db/models/sql/query.py", line 638, in get_aggregation
    result = compiler.execute_sql(SINGLE)
  File "/usr/local/lib/python3.14/site-packages/django/db/models/sql/compiler.py", line 1624, in execute_sql
    cursor.execute(sql, params)
    ~~~~~~~~~~~~~~^^^^^^^^^^^^^
  File "/usr/local/lib/python3.14/site-packages/debug_toolbar/panels/sql/tracking.py", line 243, in execute
    return self._record(super().execute, sql, params)
           ~~~~~~~~~~~~^^^^^^^^^^^^^^^^^^^^^^^^^^^^^^
  File "/usr/local/lib/python3.14/site-packages/debug_toolbar/panels/sql/tracking.py", line 164, in _record
    return method(sql, params)
  File "/usr/local/lib/python3.14/site-packages/django/db/backends/utils.py", line 122, in execute
    return super().execute(sql, params)
           ~~~~~~~~~~~~~~~^^^^^^^^^^^^^
  File "/usr/local/lib/python3.14/site-packages/django/db/backends/utils.py", line 79, in execute
    return self._execute_with_wrappers(
           ~~~~~~~~~~~~~~~~~~~~~~~~~~~^
        sql, params, many=False, executor=self._execute
        ^^^^^^^^^^^^^^^^^^^^^^^^^^^^^^^^^^^^^^^^^^^^^^^
    )
    ^
  File "/usr/local/lib/python3.14/site-packages/django/db/backends/utils.py", line 92, in _execute_with_wrappers
    return executor(sql, params, many, context)
  File "/usr/local/lib/python3.14/site-packages/django/db/backends/utils.py", line 100, in _execute
    with self.db.wrap_database_errors:
         ^^^^^^^^^^^^^^^^^^^^^^^^^^^^
  File "/usr/local/lib/python3.14/site-packages/django/db/utils.py", line 94, in __exit__
    raise dj_exc_value.with_traceback(traceback) from exc_value
  File "/usr/local/lib/python3.14/site-packages/django/db/backends/utils.py", line 105, in _execute
    return self.cursor.execute(sql, params)
           ~~~~~~~~~~~~~~~~~~~^^^^^^^^^^^^^
  File "/usr/local/lib/python3.14/site-packages/psycopg/cursor.py", line 117, in execute
    raise ex.with_traceback(None)
django.db.utils.ProgrammingError: relation "shop_book" does not exist
LINE 1: SELECT COUNT(*) AS "__count" FROM "shop_book"
                                          ^
INFO 2026-06-12 11:52:16,515 middleware ⬅️ Response: GET / Status: 500 Time: 0.0491s
ERROR 2026-06-12 11:52:16,551 log "GET / HTTP/1.1" 500 193716
INFO 2026-06-12 11:52:16,555 basehttp - Broken pipe from ('127.0.0.1', 55806)
INFO 2026-06-12 11:52:36,598 middleware ➡️ Request: GET /
ERROR 2026-06-12 11:52:36,639 log Internal Server Error: /
Traceback (most recent call last):
  File "/usr/local/lib/python3.14/site-packages/django/db/backends/utils.py", line 105, in _execute
    return self.cursor.execute(sql, params)
           ~~~~~~~~~~~~~~~~~~~^^^^^^^^^^^^^
  File "/usr/local/lib/python3.14/site-packages/psycopg/cursor.py", line 117, in execute
    raise ex.with_traceback(None)
psycopg.errors.UndefinedTable: relation "shop_book" does not exist
LINE 1: SELECT COUNT(*) AS "__count" FROM "shop_book"
                                          ^

The above exception was the direct cause of the following exception:

Traceback (most recent call last):
  File "/usr/local/lib/python3.14/site-packages/django/core/handlers/exception.py", line 55, in inner
    response = get_response(request)
  File "/usr/local/lib/python3.14/site-packages/django/core/handlers/base.py", line 198, in _get_response
    response = wrapped_callback(request, *callback_args, **callback_kwargs)
  File "/usr/local/lib/python3.14/site-packages/django/views/generic/base.py", line 106, in view
    return self.dispatch(request, *args, **kwargs)
           ~~~~~~~~~~~~~^^^^^^^^^^^^^^^^^^^^^^^^^^
  File "/usr/local/lib/python3.14/site-packages/django/views/generic/base.py", line 145, in dispatch
    return handler(request, *args, **kwargs)
  File "/usr/local/lib/python3.14/site-packages/django/views/generic/list.py", line 178, in get
    context = self.get_context_data()
  File "/usr/local/lib/python3.14/site-packages/django/views/generic/list.py", line 128, in get_context_data
    paginator, page, queryset, is_paginated = self.paginate_queryset(
                                              ~~~~~~~~~~~~~~~~~~~~~~^
        queryset, page_size
        ^^^^^^^^^^^^^^^^^^^
    )
    ^
  File "/usr/local/lib/python3.14/site-packages/django/views/generic/list.py", line 73, in paginate_queryset
    page = paginator.page(page_number)
  File "/usr/local/lib/python3.14/site-packages/django/core/paginator.py", line 177, in page
    number = self.validate_number(number)
  File "/usr/local/lib/python3.14/site-packages/django/core/paginator.py", line 160, in validate_number
    return self._validate_number(number, self.num_pages)
                                         ^^^^^^^^^^^^^^
  File "/usr/local/lib/python3.14/site-packages/django/utils/functional.py", line 47, in __get__
    res = instance.__dict__[self.name] = self.func(instance)
                                         ~~~~~~~~~^^^^^^^^^^
  File "/usr/local/lib/python3.14/site-packages/django/core/paginator.py", line 195, in num_pages
    if self.count == 0 and not self.allow_empty_first_page:
       ^^^^^^^^^^
  File "/usr/local/lib/python3.14/site-packages/django/utils/functional.py", line 47, in __get__
    res = instance.__dict__[self.name] = self.func(instance)
                                         ~~~~~~~~~^^^^^^^^^^
  File "/usr/local/lib/python3.14/site-packages/django/core/paginator.py", line 189, in count
    return c()
  File "/usr/local/lib/python3.14/site-packages/django/db/models/query.py", line 610, in count
    return self.query.get_count(using=self.db)
           ~~~~~~~~~~~~~~~~~~~~^^^^^^^^^^^^^^^
  File "/usr/local/lib/python3.14/site-packages/django/db/models/sql/query.py", line 656, in get_count
    return obj.get_aggregation(using, {"__count": Count("*")})["__count"]
           ~~~~~~~~~~~~~~~~~~~^^^^^^^^^^^^^^^^^^^^^^^^^^^^^^^^
  File "/usr/local/lib/python3.14/site-packages/django/db/models/sql/query.py", line 638, in get_aggregation
    result = compiler.execute_sql(SINGLE)
  File "/usr/local/lib/python3.14/site-packages/django/db/models/sql/compiler.py", line 1624, in execute_sql
    cursor.execute(sql, params)
    ~~~~~~~~~~~~~~^^^^^^^^^^^^^
  File "/usr/local/lib/python3.14/site-packages/debug_toolbar/panels/sql/tracking.py", line 243, in execute
    return self._record(super().execute, sql, params)
           ~~~~~~~~~~~~^^^^^^^^^^^^^^^^^^^^^^^^^^^^^^
  File "/usr/local/lib/python3.14/site-packages/debug_toolbar/panels/sql/tracking.py", line 164, in _record
    return method(sql, params)
  File "/usr/local/lib/python3.14/site-packages/django/db/backends/utils.py", line 122, in execute
    return super().execute(sql, params)
           ~~~~~~~~~~~~~~~^^^^^^^^^^^^^
  File "/usr/local/lib/python3.14/site-packages/django/db/backends/utils.py", line 79, in execute
    return self._execute_with_wrappers(
           ~~~~~~~~~~~~~~~~~~~~~~~~~~~^
        sql, params, many=False, executor=self._execute
        ^^^^^^^^^^^^^^^^^^^^^^^^^^^^^^^^^^^^^^^^^^^^^^^
    )
    ^
  File "/usr/local/lib/python3.14/site-packages/django/db/backends/utils.py", line 92, in _execute_with_wrappers
    return executor(sql, params, many, context)
  File "/usr/local/lib/python3.14/site-packages/django/db/backends/utils.py", line 100, in _execute
    with self.db.wrap_database_errors:
         ^^^^^^^^^^^^^^^^^^^^^^^^^^^^
  File "/usr/local/lib/python3.14/site-packages/django/db/utils.py", line 94, in __exit__
    raise dj_exc_value.with_traceback(traceback) from exc_value
  File "/usr/local/lib/python3.14/site-packages/django/db/backends/utils.py", line 105, in _execute
    return self.cursor.execute(sql, params)
           ~~~~~~~~~~~~~~~~~~~^^^^^^^^^^^^^
  File "/usr/local/lib/python3.14/site-packages/psycopg/cursor.py", line 117, in execute
    raise ex.with_traceback(None)
django.db.utils.ProgrammingError: relation "shop_book" does not exist
LINE 1: SELECT COUNT(*) AS "__count" FROM "shop_book"
                                          ^
INFO 2026-06-12 11:52:36,643 middleware ⬅️ Response: GET / Status: 500 Time: 0.0458s
ERROR 2026-06-12 11:52:36,687 log "GET / HTTP/1.1" 500 193716
INFO 2026-06-12 11:52:36,690 basehttp - Broken pipe from ('127.0.0.1', 46396)
INFO 2026-06-12 11:52:56,739 middleware ➡️ Request: GET /
ERROR 2026-06-12 11:52:56,775 log Internal Server Error: /
Traceback (most recent call last):
  File "/usr/local/lib/python3.14/site-packages/django/db/backends/utils.py", line 105, in _execute
    return self.cursor.execute(sql, params)
           ~~~~~~~~~~~~~~~~~~~^^^^^^^^^^^^^
  File "/usr/local/lib/python3.14/site-packages/psycopg/cursor.py", line 117, in execute
    raise ex.with_traceback(None)
psycopg.errors.UndefinedTable: relation "shop_book" does not exist
LINE 1: SELECT COUNT(*) AS "__count" FROM "shop_book"
                                          ^

The above exception was the direct cause of the following exception:

Traceback (most recent call last):
  File "/usr/local/lib/python3.14/site-packages/django/core/handlers/exception.py", line 55, in inner
    response = get_response(request)
  File "/usr/local/lib/python3.14/site-packages/django/core/handlers/base.py", line 198, in _get_response
    response = wrapped_callback(request, *callback_args, **callback_kwargs)
  File "/usr/local/lib/python3.14/site-packages/django/views/generic/base.py", line 106, in view
    return self.dispatch(request, *args, **kwargs)
           ~~~~~~~~~~~~~^^^^^^^^^^^^^^^^^^^^^^^^^^
  File "/usr/local/lib/python3.14/site-packages/django/views/generic/base.py", line 145, in dispatch
    return handler(request, *args, **kwargs)
  File "/usr/local/lib/python3.14/site-packages/django/views/generic/list.py", line 178, in get
    context = self.get_context_data()
  File "/usr/local/lib/python3.14/site-packages/django/views/generic/list.py", line 128, in get_context_data
    paginator, page, queryset, is_paginated = self.paginate_queryset(
                                              ~~~~~~~~~~~~~~~~~~~~~~^
        queryset, page_size
        ^^^^^^^^^^^^^^^^^^^
    )
    ^
  File "/usr/local/lib/python3.14/site-packages/django/views/generic/list.py", line 73, in paginate_queryset
    page = paginator.page(page_number)
  File "/usr/local/lib/python3.14/site-packages/django/core/paginator.py", line 177, in page
    number = self.validate_number(number)
  File "/usr/local/lib/python3.14/site-packages/django/core/paginator.py", line 160, in validate_number
    return self._validate_number(number, self.num_pages)
                                         ^^^^^^^^^^^^^^
  File "/usr/local/lib/python3.14/site-packages/django/utils/functional.py", line 47, in __get__
    res = instance.__dict__[self.name] = self.func(instance)
                                         ~~~~~~~~~^^^^^^^^^^
  File "/usr/local/lib/python3.14/site-packages/django/core/paginator.py", line 195, in num_pages
    if self.count == 0 and not self.allow_empty_first_page:
       ^^^^^^^^^^
  File "/usr/local/lib/python3.14/site-packages/django/utils/functional.py", line 47, in __get__
    res = instance.__dict__[self.name] = self.func(instance)
                                         ~~~~~~~~~^^^^^^^^^^
  File "/usr/local/lib/python3.14/site-packages/django/core/paginator.py", line 189, in count
    return c()
  File "/usr/local/lib/python3.14/site-packages/django/db/models/query.py", line 610, in count
    return self.query.get_count(using=self.db)
           ~~~~~~~~~~~~~~~~~~~~^^^^^^^^^^^^^^^
  File "/usr/local/lib/python3.14/site-packages/django/db/models/sql/query.py", line 656, in get_count
    return obj.get_aggregation(using, {"__count": Count("*")})["__count"]
           ~~~~~~~~~~~~~~~~~~~^^^^^^^^^^^^^^^^^^^^^^^^^^^^^^^^
  File "/usr/local/lib/python3.14/site-packages/django/db/models/sql/query.py", line 638, in get_aggregation
    result = compiler.execute_sql(SINGLE)
  File "/usr/local/lib/python3.14/site-packages/django/db/models/sql/compiler.py", line 1624, in execute_sql
    cursor.execute(sql, params)
    ~~~~~~~~~~~~~~^^^^^^^^^^^^^
  File "/usr/local/lib/python3.14/site-packages/debug_toolbar/panels/sql/tracking.py", line 243, in execute
    return self._record(super().execute, sql, params)
           ~~~~~~~~~~~~^^^^^^^^^^^^^^^^^^^^^^^^^^^^^^
  File "/usr/local/lib/python3.14/site-packages/debug_toolbar/panels/sql/tracking.py", line 164, in _record
    return method(sql, params)
  File "/usr/local/lib/python3.14/site-packages/django/db/backends/utils.py", line 122, in execute
    return super().execute(sql, params)
           ~~~~~~~~~~~~~~~^^^^^^^^^^^^^
  File "/usr/local/lib/python3.14/site-packages/django/db/backends/utils.py", line 79, in execute
    return self._execute_with_wrappers(
           ~~~~~~~~~~~~~~~~~~~~~~~~~~~^
        sql, params, many=False, executor=self._execute
        ^^^^^^^^^^^^^^^^^^^^^^^^^^^^^^^^^^^^^^^^^^^^^^^
    )
    ^
  File "/usr/local/lib/python3.14/site-packages/django/db/backends/utils.py", line 92, in _execute_with_wrappers
    return executor(sql, params, many, context)
  File "/usr/local/lib/python3.14/site-packages/django/db/backends/utils.py", line 100, in _execute
    with self.db.wrap_database_errors:
         ^^^^^^^^^^^^^^^^^^^^^^^^^^^^
  File "/usr/local/lib/python3.14/site-packages/django/db/utils.py", line 94, in __exit__
    raise dj_exc_value.with_traceback(traceback) from exc_value
  File "/usr/local/lib/python3.14/site-packages/django/db/backends/utils.py", line 105, in _execute
    return self.cursor.execute(sql, params)
           ~~~~~~~~~~~~~~~~~~~^^^^^^^^^^^^^
  File "/usr/local/lib/python3.14/site-packages/psycopg/cursor.py", line 117, in execute
    raise ex.with_traceback(None)
django.db.utils.ProgrammingError: relation "shop_book" does not exist
LINE 1: SELECT COUNT(*) AS "__count" FROM "shop_book"
                                          ^
INFO 2026-06-12 11:52:56,783 middleware ⬅️ Response: GET / Status: 500 Time: 0.0434s
ERROR 2026-06-12 11:52:56,833 log "GET / HTTP/1.1" 500 193711
INFO 2026-06-12 11:52:56,837 basehttp - Broken pipe from ('127.0.0.1', 36918)
INFO 2026-06-12 11:53:16,883 middleware ➡️ Request: GET /
ERROR 2026-06-12 11:53:16,917 log Internal Server Error: /
Traceback (most recent call last):
  File "/usr/local/lib/python3.14/site-packages/django/db/backends/utils.py", line 105, in _execute
    return self.cursor.execute(sql, params)
           ~~~~~~~~~~~~~~~~~~~^^^^^^^^^^^^^
  File "/usr/local/lib/python3.14/site-packages/psycopg/cursor.py", line 117, in execute
    raise ex.with_traceback(None)
psycopg.errors.UndefinedTable: relation "shop_book" does not exist
LINE 1: SELECT COUNT(*) AS "__count" FROM "shop_book"
                                          ^

The above exception was the direct cause of the following exception:

Traceback (most recent call last):
  File "/usr/local/lib/python3.14/site-packages/django/core/handlers/exception.py", line 55, in inner
    response = get_response(request)
  File "/usr/local/lib/python3.14/site-packages/django/core/handlers/base.py", line 198, in _get_response
    response = wrapped_callback(request, *callback_args, **callback_kwargs)
  File "/usr/local/lib/python3.14/site-packages/django/views/generic/base.py", line 106, in view
    return self.dispatch(request, *args, **kwargs)
           ~~~~~~~~~~~~~^^^^^^^^^^^^^^^^^^^^^^^^^^
  File "/usr/local/lib/python3.14/site-packages/django/views/generic/base.py", line 145, in dispatch
    return handler(request, *args, **kwargs)
  File "/usr/local/lib/python3.14/site-packages/django/views/generic/list.py", line 178, in get
    context = self.get_context_data()
  File "/usr/local/lib/python3.14/site-packages/django/views/generic/list.py", line 128, in get_context_data
    paginator, page, queryset, is_paginated = self.paginate_queryset(
                                              ~~~~~~~~~~~~~~~~~~~~~~^
        queryset, page_size
        ^^^^^^^^^^^^^^^^^^^
    )
    ^
  File "/usr/local/lib/python3.14/site-packages/django/views/generic/list.py", line 73, in paginate_queryset
    page = paginator.page(page_number)
  File "/usr/local/lib/python3.14/site-packages/django/core/paginator.py", line 177, in page
    number = self.validate_number(number)
  File "/usr/local/lib/python3.14/site-packages/django/core/paginator.py", line 160, in validate_number
    return self._validate_number(number, self.num_pages)
                                         ^^^^^^^^^^^^^^
  File "/usr/local/lib/python3.14/site-packages/django/utils/functional.py", line 47, in __get__
    res = instance.__dict__[self.name] = self.func(instance)
                                         ~~~~~~~~~^^^^^^^^^^
  File "/usr/local/lib/python3.14/site-packages/django/core/paginator.py", line 195, in num_pages
    if self.count == 0 and not self.allow_empty_first_page:
       ^^^^^^^^^^
  File "/usr/local/lib/python3.14/site-packages/django/utils/functional.py", line 47, in __get__
    res = instance.__dict__[self.name] = self.func(instance)
                                         ~~~~~~~~~^^^^^^^^^^
  File "/usr/local/lib/python3.14/site-packages/django/core/paginator.py", line 189, in count
    return c()
  File "/usr/local/lib/python3.14/site-packages/django/db/models/query.py", line 610, in count
    return self.query.get_count(using=self.db)
           ~~~~~~~~~~~~~~~~~~~~^^^^^^^^^^^^^^^
  File "/usr/local/lib/python3.14/site-packages/django/db/models/sql/query.py", line 656, in get_count
    return obj.get_aggregation(using, {"__count": Count("*")})["__count"]
           ~~~~~~~~~~~~~~~~~~~^^^^^^^^^^^^^^^^^^^^^^^^^^^^^^^^
  File "/usr/local/lib/python3.14/site-packages/django/db/models/sql/query.py", line 638, in get_aggregation
    result = compiler.execute_sql(SINGLE)
  File "/usr/local/lib/python3.14/site-packages/django/db/models/sql/compiler.py", line 1624, in execute_sql
    cursor.execute(sql, params)
    ~~~~~~~~~~~~~~^^^^^^^^^^^^^
  File "/usr/local/lib/python3.14/site-packages/debug_toolbar/panels/sql/tracking.py", line 243, in execute
    return self._record(super().execute, sql, params)
           ~~~~~~~~~~~~^^^^^^^^^^^^^^^^^^^^^^^^^^^^^^
  File "/usr/local/lib/python3.14/site-packages/debug_toolbar/panels/sql/tracking.py", line 164, in _record
    return method(sql, params)
  File "/usr/local/lib/python3.14/site-packages/django/db/backends/utils.py", line 122, in execute
    return super().execute(sql, params)
           ~~~~~~~~~~~~~~~^^^^^^^^^^^^^
  File "/usr/local/lib/python3.14/site-packages/django/db/backends/utils.py", line 79, in execute
    return self._execute_with_wrappers(
           ~~~~~~~~~~~~~~~~~~~~~~~~~~~^
        sql, params, many=False, executor=self._execute
        ^^^^^^^^^^^^^^^^^^^^^^^^^^^^^^^^^^^^^^^^^^^^^^^
    )
    ^
  File "/usr/local/lib/python3.14/site-packages/django/db/backends/utils.py", line 92, in _execute_with_wrappers
    return executor(sql, params, many, context)
  File "/usr/local/lib/python3.14/site-packages/django/db/backends/utils.py", line 100, in _execute
    with self.db.wrap_database_errors:
         ^^^^^^^^^^^^^^^^^^^^^^^^^^^^
  File "/usr/local/lib/python3.14/site-packages/django/db/utils.py", line 94, in __exit__
    raise dj_exc_value.with_traceback(traceback) from exc_value
  File "/usr/local/lib/python3.14/site-packages/django/db/backends/utils.py", line 105, in _execute
    return self.cursor.execute(sql, params)
           ~~~~~~~~~~~~~~~~~~~^^^^^^^^^^^^^
  File "/usr/local/lib/python3.14/site-packages/psycopg/cursor.py", line 117, in execute
    raise ex.with_traceback(None)
django.db.utils.ProgrammingError: relation "shop_book" does not exist
LINE 1: SELECT COUNT(*) AS "__count" FROM "shop_book"
                                          ^
INFO 2026-06-12 11:53:16,922 middleware ⬅️ Response: GET / Status: 500 Time: 0.0395s
ERROR 2026-06-12 11:53:16,960 log "GET / HTTP/1.1" 500 193713
INFO 2026-06-12 11:53:16,963 basehttp - Broken pipe from ('127.0.0.1', 47482)
INFO 2026-06-12 11:53:37,015 middleware ➡️ Request: GET /
ERROR 2026-06-12 11:53:37,048 log Internal Server Error: /
Traceback (most recent call last):
  File "/usr/local/lib/python3.14/site-packages/django/db/backends/utils.py", line 105, in _execute
    return self.cursor.execute(sql, params)
           ~~~~~~~~~~~~~~~~~~~^^^^^^^^^^^^^
  File "/usr/local/lib/python3.14/site-packages/psycopg/cursor.py", line 117, in execute
    raise ex.with_traceback(None)
psycopg.errors.UndefinedTable: relation "shop_book" does not exist
LINE 1: SELECT COUNT(*) AS "__count" FROM "shop_book"
                                          ^

The above exception was the direct cause of the following exception:

Traceback (most recent call last):
  File "/usr/local/lib/python3.14/site-packages/django/core/handlers/exception.py", line 55, in inner
    response = get_response(request)
  File "/usr/local/lib/python3.14/site-packages/django/core/handlers/base.py", line 198, in _get_response
    response = wrapped_callback(request, *callback_args, **callback_kwargs)
  File "/usr/local/lib/python3.14/site-packages/django/views/generic/base.py", line 106, in view
    return self.dispatch(request, *args, **kwargs)
           ~~~~~~~~~~~~~^^^^^^^^^^^^^^^^^^^^^^^^^^
  File "/usr/local/lib/python3.14/site-packages/django/views/generic/base.py", line 145, in dispatch
    return handler(request, *args, **kwargs)
  File "/usr/local/lib/python3.14/site-packages/django/views/generic/list.py", line 178, in get
    context = self.get_context_data()
  File "/usr/local/lib/python3.14/site-packages/django/views/generic/list.py", line 128, in get_context_data
    paginator, page, queryset, is_paginated = self.paginate_queryset(
                                              ~~~~~~~~~~~~~~~~~~~~~~^
        queryset, page_size
        ^^^^^^^^^^^^^^^^^^^
    )
    ^
  File "/usr/local/lib/python3.14/site-packages/django/views/generic/list.py", line 73, in paginate_queryset
    page = paginator.page(page_number)
  File "/usr/local/lib/python3.14/site-packages/django/core/paginator.py", line 177, in page
    number = self.validate_number(number)
  File "/usr/local/lib/python3.14/site-packages/django/core/paginator.py", line 160, in validate_number
    return self._validate_number(number, self.num_pages)
                                         ^^^^^^^^^^^^^^
  File "/usr/local/lib/python3.14/site-packages/django/utils/functional.py", line 47, in __get__
    res = instance.__dict__[self.name] = self.func(instance)
                                         ~~~~~~~~~^^^^^^^^^^
  File "/usr/local/lib/python3.14/site-packages/django/core/paginator.py", line 195, in num_pages
    if self.count == 0 and not self.allow_empty_first_page:
       ^^^^^^^^^^
  File "/usr/local/lib/python3.14/site-packages/django/utils/functional.py", line 47, in __get__
    res = instance.__dict__[self.name] = self.func(instance)
                                         ~~~~~~~~~^^^^^^^^^^
  File "/usr/local/lib/python3.14/site-packages/django/core/paginator.py", line 189, in count
    return c()
  File "/usr/local/lib/python3.14/site-packages/django/db/models/query.py", line 610, in count
    return self.query.get_count(using=self.db)
           ~~~~~~~~~~~~~~~~~~~~^^^^^^^^^^^^^^^
  File "/usr/local/lib/python3.14/site-packages/django/db/models/sql/query.py", line 656, in get_count
    return obj.get_aggregation(using, {"__count": Count("*")})["__count"]
           ~~~~~~~~~~~~~~~~~~~^^^^^^^^^^^^^^^^^^^^^^^^^^^^^^^^
  File "/usr/local/lib/python3.14/site-packages/django/db/models/sql/query.py", line 638, in get_aggregation
    result = compiler.execute_sql(SINGLE)
  File "/usr/local/lib/python3.14/site-packages/django/db/models/sql/compiler.py", line 1624, in execute_sql
    cursor.execute(sql, params)
    ~~~~~~~~~~~~~~^^^^^^^^^^^^^
  File "/usr/local/lib/python3.14/site-packages/debug_toolbar/panels/sql/tracking.py", line 243, in execute
    return self._record(super().execute, sql, params)
           ~~~~~~~~~~~~^^^^^^^^^^^^^^^^^^^^^^^^^^^^^^
  File "/usr/local/lib/python3.14/site-packages/debug_toolbar/panels/sql/tracking.py", line 164, in _record
    return method(sql, params)
  File "/usr/local/lib/python3.14/site-packages/django/db/backends/utils.py", line 122, in execute
    return super().execute(sql, params)
           ~~~~~~~~~~~~~~~^^^^^^^^^^^^^
  File "/usr/local/lib/python3.14/site-packages/django/db/backends/utils.py", line 79, in execute
    return self._execute_with_wrappers(
           ~~~~~~~~~~~~~~~~~~~~~~~~~~~^
        sql, params, many=False, executor=self._execute
        ^^^^^^^^^^^^^^^^^^^^^^^^^^^^^^^^^^^^^^^^^^^^^^^
    )
    ^
  File "/usr/local/lib/python3.14/site-packages/django/db/backends/utils.py", line 92, in _execute_with_wrappers
    return executor(sql, params, many, context)
  File "/usr/local/lib/python3.14/site-packages/django/db/backends/utils.py", line 100, in _execute
    with self.db.wrap_database_errors:
         ^^^^^^^^^^^^^^^^^^^^^^^^^^^^
  File "/usr/local/lib/python3.14/site-packages/django/db/utils.py", line 94, in __exit__
    raise dj_exc_value.with_traceback(traceback) from exc_value
  File "/usr/local/lib/python3.14/site-packages/django/db/backends/utils.py", line 105, in _execute
    return self.cursor.execute(sql, params)
           ~~~~~~~~~~~~~~~~~~~^^^^^^^^^^^^^
  File "/usr/local/lib/python3.14/site-packages/psycopg/cursor.py", line 117, in execute
    raise ex.with_traceback(None)
django.db.utils.ProgrammingError: relation "shop_book" does not exist
LINE 1: SELECT COUNT(*) AS "__count" FROM "shop_book"
                                          ^
INFO 2026-06-12 11:53:37,056 middleware ⬅️ Response: GET / Status: 500 Time: 0.041s
ERROR 2026-06-12 11:53:37,094 log "GET / HTTP/1.1" 500 193714
INFO 2026-06-12 11:53:37,099 basehttp - Broken pipe from ('127.0.0.1', 38900)
INFO 2026-06-12 11:53:57,140 middleware ➡️ Request: GET /
ERROR 2026-06-12 11:53:57,173 log Internal Server Error: /
Traceback (most recent call last):
  File "/usr/local/lib/python3.14/site-packages/django/db/backends/utils.py", line 105, in _execute
    return self.cursor.execute(sql, params)
           ~~~~~~~~~~~~~~~~~~~^^^^^^^^^^^^^
  File "/usr/local/lib/python3.14/site-packages/psycopg/cursor.py", line 117, in execute
    raise ex.with_traceback(None)
psycopg.errors.UndefinedTable: relation "shop_book" does not exist
LINE 1: SELECT COUNT(*) AS "__count" FROM "shop_book"
                                          ^

The above exception was the direct cause of the following exception:

Traceback (most recent call last):
  File "/usr/local/lib/python3.14/site-packages/django/core/handlers/exception.py", line 55, in inner
    response = get_response(request)
  File "/usr/local/lib/python3.14/site-packages/django/core/handlers/base.py", line 198, in _get_response
    response = wrapped_callback(request, *callback_args, **callback_kwargs)
  File "/usr/local/lib/python3.14/site-packages/django/views/generic/base.py", line 106, in view
    return self.dispatch(request, *args, **kwargs)
           ~~~~~~~~~~~~~^^^^^^^^^^^^^^^^^^^^^^^^^^
  File "/usr/local/lib/python3.14/site-packages/django/views/generic/base.py", line 145, in dispatch
    return handler(request, *args, **kwargs)
  File "/usr/local/lib/python3.14/site-packages/django/views/generic/list.py", line 178, in get
    context = self.get_context_data()
  File "/usr/local/lib/python3.14/site-packages/django/views/generic/list.py", line 128, in get_context_data
    paginator, page, queryset, is_paginated = self.paginate_queryset(
                                              ~~~~~~~~~~~~~~~~~~~~~~^
        queryset, page_size
        ^^^^^^^^^^^^^^^^^^^
    )
    ^
  File "/usr/local/lib/python3.14/site-packages/django/views/generic/list.py", line 73, in paginate_queryset
    page = paginator.page(page_number)
  File "/usr/local/lib/python3.14/site-packages/django/core/paginator.py", line 177, in page
    number = self.validate_number(number)
  File "/usr/local/lib/python3.14/site-packages/django/core/paginator.py", line 160, in validate_number
    return self._validate_number(number, self.num_pages)
                                         ^^^^^^^^^^^^^^
  File "/usr/local/lib/python3.14/site-packages/django/utils/functional.py", line 47, in __get__
    res = instance.__dict__[self.name] = self.func(instance)
                                         ~~~~~~~~~^^^^^^^^^^
  File "/usr/local/lib/python3.14/site-packages/django/core/paginator.py", line 195, in num_pages
    if self.count == 0 and not self.allow_empty_first_page:
       ^^^^^^^^^^
  File "/usr/local/lib/python3.14/site-packages/django/utils/functional.py", line 47, in __get__
    res = instance.__dict__[self.name] = self.func(instance)
                                         ~~~~~~~~~^^^^^^^^^^
  File "/usr/local/lib/python3.14/site-packages/django/core/paginator.py", line 189, in count
    return c()
  File "/usr/local/lib/python3.14/site-packages/django/db/models/query.py", line 610, in count
    return self.query.get_count(using=self.db)
           ~~~~~~~~~~~~~~~~~~~~^^^^^^^^^^^^^^^
  File "/usr/local/lib/python3.14/site-packages/django/db/models/sql/query.py", line 656, in get_count
    return obj.get_aggregation(using, {"__count": Count("*")})["__count"]
           ~~~~~~~~~~~~~~~~~~~^^^^^^^^^^^^^^^^^^^^^^^^^^^^^^^^
  File "/usr/local/lib/python3.14/site-packages/django/db/models/sql/query.py", line 638, in get_aggregation
    result = compiler.execute_sql(SINGLE)
  File "/usr/local/lib/python3.14/site-packages/django/db/models/sql/compiler.py", line 1624, in execute_sql
    cursor.execute(sql, params)
    ~~~~~~~~~~~~~~^^^^^^^^^^^^^
  File "/usr/local/lib/python3.14/site-packages/debug_toolbar/panels/sql/tracking.py", line 243, in execute
    return self._record(super().execute, sql, params)
           ~~~~~~~~~~~~^^^^^^^^^^^^^^^^^^^^^^^^^^^^^^
  File "/usr/local/lib/python3.14/site-packages/debug_toolbar/panels/sql/tracking.py", line 164, in _record
    return method(sql, params)
  File "/usr/local/lib/python3.14/site-packages/django/db/backends/utils.py", line 122, in execute
    return super().execute(sql, params)
           ~~~~~~~~~~~~~~~^^^^^^^^^^^^^
  File "/usr/local/lib/python3.14/site-packages/django/db/backends/utils.py", line 79, in execute
    return self._execute_with_wrappers(
           ~~~~~~~~~~~~~~~~~~~~~~~~~~~^
        sql, params, many=False, executor=self._execute
        ^^^^^^^^^^^^^^^^^^^^^^^^^^^^^^^^^^^^^^^^^^^^^^^
    )
    ^
  File "/usr/local/lib/python3.14/site-packages/django/db/backends/utils.py", line 92, in _execute_with_wrappers
    return executor(sql, params, many, context)
  File "/usr/local/lib/python3.14/site-packages/django/db/backends/utils.py", line 100, in _execute
    with self.db.wrap_database_errors:
         ^^^^^^^^^^^^^^^^^^^^^^^^^^^^
  File "/usr/local/lib/python3.14/site-packages/django/db/utils.py", line 94, in __exit__
    raise dj_exc_value.with_traceback(traceback) from exc_value
  File "/usr/local/lib/python3.14/site-packages/django/db/backends/utils.py", line 105, in _execute
    return self.cursor.execute(sql, params)
           ~~~~~~~~~~~~~~~~~~~^^^^^^^^^^^^^
  File "/usr/local/lib/python3.14/site-packages/psycopg/cursor.py", line 117, in execute
    raise ex.with_traceback(None)
django.db.utils.ProgrammingError: relation "shop_book" does not exist
LINE 1: SELECT COUNT(*) AS "__count" FROM "shop_book"
                                          ^
INFO 2026-06-12 11:53:57,180 middleware ⬅️ Response: GET / Status: 500 Time: 0.0405s
ERROR 2026-06-12 11:53:57,215 log "GET / HTTP/1.1" 500 193715
INFO 2026-06-12 11:53:57,218 basehttp - Broken pipe from ('127.0.0.1', 56270)
INFO 2026-06-12 11:54:17,257 middleware ➡️ Request: GET /
ERROR 2026-06-12 11:54:17,296 log Internal Server Error: /
Traceback (most recent call last):
  File "/usr/local/lib/python3.14/site-packages/django/db/backends/utils.py", line 105, in _execute
    return self.cursor.execute(sql, params)
           ~~~~~~~~~~~~~~~~~~~^^^^^^^^^^^^^
  File "/usr/local/lib/python3.14/site-packages/psycopg/cursor.py", line 117, in execute
    raise ex.with_traceback(None)
psycopg.errors.UndefinedTable: relation "shop_book" does not exist
LINE 1: SELECT COUNT(*) AS "__count" FROM "shop_book"
                                          ^

The above exception was the direct cause of the following exception:

Traceback (most recent call last):
  File "/usr/local/lib/python3.14/site-packages/django/core/handlers/exception.py", line 55, in inner
    response = get_response(request)
  File "/usr/local/lib/python3.14/site-packages/django/core/handlers/base.py", line 198, in _get_response
    response = wrapped_callback(request, *callback_args, **callback_kwargs)
  File "/usr/local/lib/python3.14/site-packages/django/views/generic/base.py", line 106, in view
    return self.dispatch(request, *args, **kwargs)
           ~~~~~~~~~~~~~^^^^^^^^^^^^^^^^^^^^^^^^^^
  File "/usr/local/lib/python3.14/site-packages/django/views/generic/base.py", line 145, in dispatch
    return handler(request, *args, **kwargs)
  File "/usr/local/lib/python3.14/site-packages/django/views/generic/list.py", line 178, in get
    context = self.get_context_data()
  File "/usr/local/lib/python3.14/site-packages/django/views/generic/list.py", line 128, in get_context_data
    paginator, page, queryset, is_paginated = self.paginate_queryset(
                                              ~~~~~~~~~~~~~~~~~~~~~~^
        queryset, page_size
        ^^^^^^^^^^^^^^^^^^^
    )
    ^
  File "/usr/local/lib/python3.14/site-packages/django/views/generic/list.py", line 73, in paginate_queryset
    page = paginator.page(page_number)
  File "/usr/local/lib/python3.14/site-packages/django/core/paginator.py", line 177, in page
    number = self.validate_number(number)
  File "/usr/local/lib/python3.14/site-packages/django/core/paginator.py", line 160, in validate_number
    return self._validate_number(number, self.num_pages)
                                         ^^^^^^^^^^^^^^
  File "/usr/local/lib/python3.14/site-packages/django/utils/functional.py", line 47, in __get__
    res = instance.__dict__[self.name] = self.func(instance)
                                         ~~~~~~~~~^^^^^^^^^^
  File "/usr/local/lib/python3.14/site-packages/django/core/paginator.py", line 195, in num_pages
    if self.count == 0 and not self.allow_empty_first_page:
       ^^^^^^^^^^
  File "/usr/local/lib/python3.14/site-packages/django/utils/functional.py", line 47, in __get__
    res = instance.__dict__[self.name] = self.func(instance)
                                         ~~~~~~~~~^^^^^^^^^^
  File "/usr/local/lib/python3.14/site-packages/django/core/paginator.py", line 189, in count
    return c()
  File "/usr/local/lib/python3.14/site-packages/django/db/models/query.py", line 610, in count
    return self.query.get_count(using=self.db)
           ~~~~~~~~~~~~~~~~~~~~^^^^^^^^^^^^^^^
  File "/usr/local/lib/python3.14/site-packages/django/db/models/sql/query.py", line 656, in get_count
    return obj.get_aggregation(using, {"__count": Count("*")})["__count"]
           ~~~~~~~~~~~~~~~~~~~^^^^^^^^^^^^^^^^^^^^^^^^^^^^^^^^
  File "/usr/local/lib/python3.14/site-packages/django/db/models/sql/query.py", line 638, in get_aggregation
    result = compiler.execute_sql(SINGLE)
  File "/usr/local/lib/python3.14/site-packages/django/db/models/sql/compiler.py", line 1624, in execute_sql
    cursor.execute(sql, params)
    ~~~~~~~~~~~~~~^^^^^^^^^^^^^
  File "/usr/local/lib/python3.14/site-packages/debug_toolbar/panels/sql/tracking.py", line 243, in execute
    return self._record(super().execute, sql, params)
           ~~~~~~~~~~~~^^^^^^^^^^^^^^^^^^^^^^^^^^^^^^
  File "/usr/local/lib/python3.14/site-packages/debug_toolbar/panels/sql/tracking.py", line 164, in _record
    return method(sql, params)
  File "/usr/local/lib/python3.14/site-packages/django/db/backends/utils.py", line 122, in execute
    return super().execute(sql, params)
           ~~~~~~~~~~~~~~~^^^^^^^^^^^^^
  File "/usr/local/lib/python3.14/site-packages/django/db/backends/utils.py", line 79, in execute
    return self._execute_with_wrappers(
           ~~~~~~~~~~~~~~~~~~~~~~~~~~~^
        sql, params, many=False, executor=self._execute
        ^^^^^^^^^^^^^^^^^^^^^^^^^^^^^^^^^^^^^^^^^^^^^^^
    )
    ^
  File "/usr/local/lib/python3.14/site-packages/django/db/backends/utils.py", line 92, in _execute_with_wrappers
    return executor(sql, params, many, context)
  File "/usr/local/lib/python3.14/site-packages/django/db/backends/utils.py", line 100, in _execute
    with self.db.wrap_database_errors:
         ^^^^^^^^^^^^^^^^^^^^^^^^^^^^
  File "/usr/local/lib/python3.14/site-packages/django/db/utils.py", line 94, in __exit__
    raise dj_exc_value.with_traceback(traceback) from exc_value
  File "/usr/local/lib/python3.14/site-packages/django/db/backends/utils.py", line 105, in _execute
    return self.cursor.execute(sql, params)
           ~~~~~~~~~~~~~~~~~~~^^^^^^^^^^^^^
  File "/usr/local/lib/python3.14/site-packages/psycopg/cursor.py", line 117, in execute
    raise ex.with_traceback(None)
django.db.utils.ProgrammingError: relation "shop_book" does not exist
LINE 1: SELECT COUNT(*) AS "__count" FROM "shop_book"
                                          ^
INFO 2026-06-12 11:54:17,301 middleware ⬅️ Response: GET / Status: 500 Time: 0.0434s
ERROR 2026-06-12 11:54:17,337 log "GET / HTTP/1.1" 500 193714
INFO 2026-06-12 11:54:17,340 basehttp - Broken pipe from ('127.0.0.1', 39834)
INFO 2026-06-12 11:54:37,401 middleware ➡️ Request: GET /
ERROR 2026-06-12 11:54:37,436 log Internal Server Error: /
Traceback (most recent call last):
  File "/usr/local/lib/python3.14/site-packages/django/db/backends/utils.py", line 105, in _execute
    return self.cursor.execute(sql, params)
           ~~~~~~~~~~~~~~~~~~~^^^^^^^^^^^^^
  File "/usr/local/lib/python3.14/site-packages/psycopg/cursor.py", line 117, in execute
    raise ex.with_traceback(None)
psycopg.errors.UndefinedTable: relation "shop_book" does not exist
LINE 1: SELECT COUNT(*) AS "__count" FROM "shop_book"
                                          ^

The above exception was the direct cause of the following exception:

Traceback (most recent call last):
  File "/usr/local/lib/python3.14/site-packages/django/core/handlers/exception.py", line 55, in inner
    response = get_response(request)
  File "/usr/local/lib/python3.14/site-packages/django/core/handlers/base.py", line 198, in _get_response
    response = wrapped_callback(request, *callback_args, **callback_kwargs)
  File "/usr/local/lib/python3.14/site-packages/django/views/generic/base.py", line 106, in view
    return self.dispatch(request, *args, **kwargs)
           ~~~~~~~~~~~~~^^^^^^^^^^^^^^^^^^^^^^^^^^
  File "/usr/local/lib/python3.14/site-packages/django/views/generic/base.py", line 145, in dispatch
    return handler(request, *args, **kwargs)
  File "/usr/local/lib/python3.14/site-packages/django/views/generic/list.py", line 178, in get
    context = self.get_context_data()
  File "/usr/local/lib/python3.14/site-packages/django/views/generic/list.py", line 128, in get_context_data
    paginator, page, queryset, is_paginated = self.paginate_queryset(
                                              ~~~~~~~~~~~~~~~~~~~~~~^
        queryset, page_size
        ^^^^^^^^^^^^^^^^^^^
    )
    ^
  File "/usr/local/lib/python3.14/site-packages/django/views/generic/list.py", line 73, in paginate_queryset
    page = paginator.page(page_number)
  File "/usr/local/lib/python3.14/site-packages/django/core/paginator.py", line 177, in page
    number = self.validate_number(number)
  File "/usr/local/lib/python3.14/site-packages/django/core/paginator.py", line 160, in validate_number
    return self._validate_number(number, self.num_pages)
                                         ^^^^^^^^^^^^^^
  File "/usr/local/lib/python3.14/site-packages/django/utils/functional.py", line 47, in __get__
    res = instance.__dict__[self.name] = self.func(instance)
                                         ~~~~~~~~~^^^^^^^^^^
  File "/usr/local/lib/python3.14/site-packages/django/core/paginator.py", line 195, in num_pages
    if self.count == 0 and not self.allow_empty_first_page:
       ^^^^^^^^^^
  File "/usr/local/lib/python3.14/site-packages/django/utils/functional.py", line 47, in __get__
    res = instance.__dict__[self.name] = self.func(instance)
                                         ~~~~~~~~~^^^^^^^^^^
  File "/usr/local/lib/python3.14/site-packages/django/core/paginator.py", line 189, in count
    return c()
  File "/usr/local/lib/python3.14/site-packages/django/db/models/query.py", line 610, in count
    return self.query.get_count(using=self.db)
           ~~~~~~~~~~~~~~~~~~~~^^^^^^^^^^^^^^^
  File "/usr/local/lib/python3.14/site-packages/django/db/models/sql/query.py", line 656, in get_count
    return obj.get_aggregation(using, {"__count": Count("*")})["__count"]
           ~~~~~~~~~~~~~~~~~~~^^^^^^^^^^^^^^^^^^^^^^^^^^^^^^^^
  File "/usr/local/lib/python3.14/site-packages/django/db/models/sql/query.py", line 638, in get_aggregation
    result = compiler.execute_sql(SINGLE)
  File "/usr/local/lib/python3.14/site-packages/django/db/models/sql/compiler.py", line 1624, in execute_sql
    cursor.execute(sql, params)
    ~~~~~~~~~~~~~~^^^^^^^^^^^^^
  File "/usr/local/lib/python3.14/site-packages/debug_toolbar/panels/sql/tracking.py", line 243, in execute
    return self._record(super().execute, sql, params)
           ~~~~~~~~~~~~^^^^^^^^^^^^^^^^^^^^^^^^^^^^^^
  File "/usr/local/lib/python3.14/site-packages/debug_toolbar/panels/sql/tracking.py", line 164, in _record
    return method(sql, params)
  File "/usr/local/lib/python3.14/site-packages/django/db/backends/utils.py", line 122, in execute
    return super().execute(sql, params)
           ~~~~~~~~~~~~~~~^^^^^^^^^^^^^
  File "/usr/local/lib/python3.14/site-packages/django/db/backends/utils.py", line 79, in execute
    return self._execute_with_wrappers(
           ~~~~~~~~~~~~~~~~~~~~~~~~~~~^
        sql, params, many=False, executor=self._execute
        ^^^^^^^^^^^^^^^^^^^^^^^^^^^^^^^^^^^^^^^^^^^^^^^
    )
    ^
  File "/usr/local/lib/python3.14/site-packages/django/db/backends/utils.py", line 92, in _execute_with_wrappers
    return executor(sql, params, many, context)
  File "/usr/local/lib/python3.14/site-packages/django/db/backends/utils.py", line 100, in _execute
    with self.db.wrap_database_errors:
         ^^^^^^^^^^^^^^^^^^^^^^^^^^^^
  File "/usr/local/lib/python3.14/site-packages/django/db/utils.py", line 94, in __exit__
    raise dj_exc_value.with_traceback(traceback) from exc_value
  File "/usr/local/lib/python3.14/site-packages/django/db/backends/utils.py", line 105, in _execute
    return self.cursor.execute(sql, params)
           ~~~~~~~~~~~~~~~~~~~^^^^^^^^^^^^^
  File "/usr/local/lib/python3.14/site-packages/psycopg/cursor.py", line 117, in execute
    raise ex.with_traceback(None)
django.db.utils.ProgrammingError: relation "shop_book" does not exist
LINE 1: SELECT COUNT(*) AS "__count" FROM "shop_book"
                                          ^
INFO 2026-06-12 11:54:37,441 middleware ⬅️ Response: GET / Status: 500 Time: 0.0406s
ERROR 2026-06-12 11:54:37,486 log "GET / HTTP/1.1" 500 193714
INFO 2026-06-12 11:54:57,535 middleware ➡️ Request: GET /
ERROR 2026-06-12 11:54:57,571 log Internal Server Error: /
Traceback (most recent call last):
  File "/usr/local/lib/python3.14/site-packages/django/db/backends/utils.py", line 105, in _execute
    return self.cursor.execute(sql, params)
           ~~~~~~~~~~~~~~~~~~~^^^^^^^^^^^^^
  File "/usr/local/lib/python3.14/site-packages/psycopg/cursor.py", line 117, in execute
    raise ex.with_traceback(None)
psycopg.errors.UndefinedTable: relation "shop_book" does not exist
LINE 1: SELECT COUNT(*) AS "__count" FROM "shop_book"
                                          ^

The above exception was the direct cause of the following exception:

Traceback (most recent call last):
  File "/usr/local/lib/python3.14/site-packages/django/core/handlers/exception.py", line 55, in inner
    response = get_response(request)
  File "/usr/local/lib/python3.14/site-packages/django/core/handlers/base.py", line 198, in _get_response
    response = wrapped_callback(request, *callback_args, **callback_kwargs)
  File "/usr/local/lib/python3.14/site-packages/django/views/generic/base.py", line 106, in view
    return self.dispatch(request, *args, **kwargs)
           ~~~~~~~~~~~~~^^^^^^^^^^^^^^^^^^^^^^^^^^
  File "/usr/local/lib/python3.14/site-packages/django/views/generic/base.py", line 145, in dispatch
    return handler(request, *args, **kwargs)
  File "/usr/local/lib/python3.14/site-packages/django/views/generic/list.py", line 178, in get
    context = self.get_context_data()
  File "/usr/local/lib/python3.14/site-packages/django/views/generic/list.py", line 128, in get_context_data
    paginator, page, queryset, is_paginated = self.paginate_queryset(
                                              ~~~~~~~~~~~~~~~~~~~~~~^
        queryset, page_size
        ^^^^^^^^^^^^^^^^^^^
    )
    ^
  File "/usr/local/lib/python3.14/site-packages/django/views/generic/list.py", line 73, in paginate_queryset
    page = paginator.page(page_number)
  File "/usr/local/lib/python3.14/site-packages/django/core/paginator.py", line 177, in page
    number = self.validate_number(number)
  File "/usr/local/lib/python3.14/site-packages/django/core/paginator.py", line 160, in validate_number
    return self._validate_number(number, self.num_pages)
                                         ^^^^^^^^^^^^^^
  File "/usr/local/lib/python3.14/site-packages/django/utils/functional.py", line 47, in __get__
    res = instance.__dict__[self.name] = self.func(instance)
                                         ~~~~~~~~~^^^^^^^^^^
  File "/usr/local/lib/python3.14/site-packages/django/core/paginator.py", line 195, in num_pages
    if self.count == 0 and not self.allow_empty_first_page:
       ^^^^^^^^^^
  File "/usr/local/lib/python3.14/site-packages/django/utils/functional.py", line 47, in __get__
    res = instance.__dict__[self.name] = self.func(instance)
                                         ~~~~~~~~~^^^^^^^^^^
  File "/usr/local/lib/python3.14/site-packages/django/core/paginator.py", line 189, in count
    return c()
  File "/usr/local/lib/python3.14/site-packages/django/db/models/query.py", line 610, in count
    return self.query.get_count(using=self.db)
           ~~~~~~~~~~~~~~~~~~~~^^^^^^^^^^^^^^^
  File "/usr/local/lib/python3.14/site-packages/django/db/models/sql/query.py", line 656, in get_count
    return obj.get_aggregation(using, {"__count": Count("*")})["__count"]
           ~~~~~~~~~~~~~~~~~~~^^^^^^^^^^^^^^^^^^^^^^^^^^^^^^^^
  File "/usr/local/lib/python3.14/site-packages/django/db/models/sql/query.py", line 638, in get_aggregation
    result = compiler.execute_sql(SINGLE)
  File "/usr/local/lib/python3.14/site-packages/django/db/models/sql/compiler.py", line 1624, in execute_sql
    cursor.execute(sql, params)
    ~~~~~~~~~~~~~~^^^^^^^^^^^^^
  File "/usr/local/lib/python3.14/site-packages/debug_toolbar/panels/sql/tracking.py", line 243, in execute
    return self._record(super().execute, sql, params)
           ~~~~~~~~~~~~^^^^^^^^^^^^^^^^^^^^^^^^^^^^^^
  File "/usr/local/lib/python3.14/site-packages/debug_toolbar/panels/sql/tracking.py", line 164, in _record
    return method(sql, params)
  File "/usr/local/lib/python3.14/site-packages/django/db/backends/utils.py", line 122, in execute
    return super().execute(sql, params)
           ~~~~~~~~~~~~~~~^^^^^^^^^^^^^
  File "/usr/local/lib/python3.14/site-packages/django/db/backends/utils.py", line 79, in execute
    return self._execute_with_wrappers(
           ~~~~~~~~~~~~~~~~~~~~~~~~~~~^
        sql, params, many=False, executor=self._execute
        ^^^^^^^^^^^^^^^^^^^^^^^^^^^^^^^^^^^^^^^^^^^^^^^
    )
    ^
  File "/usr/local/lib/python3.14/site-packages/django/db/backends/utils.py", line 92, in _execute_with_wrappers
    return executor(sql, params, many, context)
  File "/usr/local/lib/python3.14/site-packages/django/db/backends/utils.py", line 100, in _execute
    with self.db.wrap_database_errors:
         ^^^^^^^^^^^^^^^^^^^^^^^^^^^^
  File "/usr/local/lib/python3.14/site-packages/django/db/utils.py", line 94, in __exit__
    raise dj_exc_value.with_traceback(traceback) from exc_value
  File "/usr/local/lib/python3.14/site-packages/django/db/backends/utils.py", line 105, in _execute
    return self.cursor.execute(sql, params)
           ~~~~~~~~~~~~~~~~~~~^^^^^^^^^^^^^
  File "/usr/local/lib/python3.14/site-packages/psycopg/cursor.py", line 117, in execute
    raise ex.with_traceback(None)
django.db.utils.ProgrammingError: relation "shop_book" does not exist
LINE 1: SELECT COUNT(*) AS "__count" FROM "shop_book"
                                          ^
INFO 2026-06-12 11:54:57,576 middleware ⬅️ Response: GET / Status: 500 Time: 0.0405s
ERROR 2026-06-12 11:54:57,615 log "GET / HTTP/1.1" 500 193714
INFO 2026-06-12 11:54:57,617 basehttp - Broken pipe from ('127.0.0.1', 40338)
INFO 2026-06-12 11:55:17,662 middleware ➡️ Request: GET /
ERROR 2026-06-12 11:55:17,701 log Internal Server Error: /
Traceback (most recent call last):
  File "/usr/local/lib/python3.14/site-packages/django/db/backends/utils.py", line 105, in _execute
    return self.cursor.execute(sql, params)
           ~~~~~~~~~~~~~~~~~~~^^^^^^^^^^^^^
  File "/usr/local/lib/python3.14/site-packages/psycopg/cursor.py", line 117, in execute
    raise ex.with_traceback(None)
psycopg.errors.UndefinedTable: relation "shop_book" does not exist
LINE 1: SELECT COUNT(*) AS "__count" FROM "shop_book"
                                          ^

The above exception was the direct cause of the following exception:

Traceback (most recent call last):
  File "/usr/local/lib/python3.14/site-packages/django/core/handlers/exception.py", line 55, in inner
    response = get_response(request)
  File "/usr/local/lib/python3.14/site-packages/django/core/handlers/base.py", line 198, in _get_response
    response = wrapped_callback(request, *callback_args, **callback_kwargs)
  File "/usr/local/lib/python3.14/site-packages/django/views/generic/base.py", line 106, in view
    return self.dispatch(request, *args, **kwargs)
           ~~~~~~~~~~~~~^^^^^^^^^^^^^^^^^^^^^^^^^^
  File "/usr/local/lib/python3.14/site-packages/django/views/generic/base.py", line 145, in dispatch
    return handler(request, *args, **kwargs)
  File "/usr/local/lib/python3.14/site-packages/django/views/generic/list.py", line 178, in get
    context = self.get_context_data()
  File "/usr/local/lib/python3.14/site-packages/django/views/generic/list.py", line 128, in get_context_data
    paginator, page, queryset, is_paginated = self.paginate_queryset(
                                              ~~~~~~~~~~~~~~~~~~~~~~^
        queryset, page_size
        ^^^^^^^^^^^^^^^^^^^
    )
    ^
  File "/usr/local/lib/python3.14/site-packages/django/views/generic/list.py", line 73, in paginate_queryset
    page = paginator.page(page_number)
  File "/usr/local/lib/python3.14/site-packages/django/core/paginator.py", line 177, in page
    number = self.validate_number(number)
  File "/usr/local/lib/python3.14/site-packages/django/core/paginator.py", line 160, in validate_number
    return self._validate_number(number, self.num_pages)
                                         ^^^^^^^^^^^^^^
  File "/usr/local/lib/python3.14/site-packages/django/utils/functional.py", line 47, in __get__
    res = instance.__dict__[self.name] = self.func(instance)
                                         ~~~~~~~~~^^^^^^^^^^
  File "/usr/local/lib/python3.14/site-packages/django/core/paginator.py", line 195, in num_pages
    if self.count == 0 and not self.allow_empty_first_page:
       ^^^^^^^^^^
  File "/usr/local/lib/python3.14/site-packages/django/utils/functional.py", line 47, in __get__
    res = instance.__dict__[self.name] = self.func(instance)
                                         ~~~~~~~~~^^^^^^^^^^
  File "/usr/local/lib/python3.14/site-packages/django/core/paginator.py", line 189, in count
    return c()
  File "/usr/local/lib/python3.14/site-packages/django/db/models/query.py", line 610, in count
    return self.query.get_count(using=self.db)
           ~~~~~~~~~~~~~~~~~~~~^^^^^^^^^^^^^^^
  File "/usr/local/lib/python3.14/site-packages/django/db/models/sql/query.py", line 656, in get_count
    return obj.get_aggregation(using, {"__count": Count("*")})["__count"]
           ~~~~~~~~~~~~~~~~~~~^^^^^^^^^^^^^^^^^^^^^^^^^^^^^^^^
  File "/usr/local/lib/python3.14/site-packages/django/db/models/sql/query.py", line 638, in get_aggregation
    result = compiler.execute_sql(SINGLE)
  File "/usr/local/lib/python3.14/site-packages/django/db/models/sql/compiler.py", line 1624, in execute_sql
    cursor.execute(sql, params)
    ~~~~~~~~~~~~~~^^^^^^^^^^^^^
  File "/usr/local/lib/python3.14/site-packages/debug_toolbar/panels/sql/tracking.py", line 243, in execute
    return self._record(super().execute, sql, params)
           ~~~~~~~~~~~~^^^^^^^^^^^^^^^^^^^^^^^^^^^^^^
  File "/usr/local/lib/python3.14/site-packages/debug_toolbar/panels/sql/tracking.py", line 164, in _record
    return method(sql, params)
  File "/usr/local/lib/python3.14/site-packages/django/db/backends/utils.py", line 122, in execute
    return super().execute(sql, params)
           ~~~~~~~~~~~~~~~^^^^^^^^^^^^^
  File "/usr/local/lib/python3.14/site-packages/django/db/backends/utils.py", line 79, in execute
    return self._execute_with_wrappers(
           ~~~~~~~~~~~~~~~~~~~~~~~~~~~^
        sql, params, many=False, executor=self._execute
        ^^^^^^^^^^^^^^^^^^^^^^^^^^^^^^^^^^^^^^^^^^^^^^^
    )
    ^
  File "/usr/local/lib/python3.14/site-packages/django/db/backends/utils.py", line 92, in _execute_with_wrappers
    return executor(sql, params, many, context)
  File "/usr/local/lib/python3.14/site-packages/django/db/backends/utils.py", line 100, in _execute
    with self.db.wrap_database_errors:
         ^^^^^^^^^^^^^^^^^^^^^^^^^^^^
  File "/usr/local/lib/python3.14/site-packages/django/db/utils.py", line 94, in __exit__
    raise dj_exc_value.with_traceback(traceback) from exc_value
  File "/usr/local/lib/python3.14/site-packages/django/db/backends/utils.py", line 105, in _execute
    return self.cursor.execute(sql, params)
           ~~~~~~~~~~~~~~~~~~~^^^^^^^^^^^^^
  File "/usr/local/lib/python3.14/site-packages/psycopg/cursor.py", line 117, in execute
    raise ex.with_traceback(None)
django.db.utils.ProgrammingError: relation "shop_book" does not exist
LINE 1: SELECT COUNT(*) AS "__count" FROM "shop_book"
                                          ^
INFO 2026-06-12 11:55:17,707 middleware ⬅️ Response: GET / Status: 500 Time: 0.0449s
ERROR 2026-06-12 11:55:17,752 log "GET / HTTP/1.1" 500 193714
INFO 2026-06-12 11:55:17,755 basehttp - Broken pipe from ('127.0.0.1', 39272)
INFO 2026-06-12 11:55:37,802 middleware ➡️ Request: GET /
ERROR 2026-06-12 11:55:37,843 log Internal Server Error: /
Traceback (most recent call last):
  File "/usr/local/lib/python3.14/site-packages/django/db/backends/utils.py", line 105, in _execute
    return self.cursor.execute(sql, params)
           ~~~~~~~~~~~~~~~~~~~^^^^^^^^^^^^^
  File "/usr/local/lib/python3.14/site-packages/psycopg/cursor.py", line 117, in execute
    raise ex.with_traceback(None)
psycopg.errors.UndefinedTable: relation "shop_book" does not exist
LINE 1: SELECT COUNT(*) AS "__count" FROM "shop_book"
                                          ^

The above exception was the direct cause of the following exception:

Traceback (most recent call last):
  File "/usr/local/lib/python3.14/site-packages/django/core/handlers/exception.py", line 55, in inner
    response = get_response(request)
  File "/usr/local/lib/python3.14/site-packages/django/core/handlers/base.py", line 198, in _get_response
    response = wrapped_callback(request, *callback_args, **callback_kwargs)
  File "/usr/local/lib/python3.14/site-packages/django/views/generic/base.py", line 106, in view
    return self.dispatch(request, *args, **kwargs)
           ~~~~~~~~~~~~~^^^^^^^^^^^^^^^^^^^^^^^^^^
  File "/usr/local/lib/python3.14/site-packages/django/views/generic/base.py", line 145, in dispatch
    return handler(request, *args, **kwargs)
  File "/usr/local/lib/python3.14/site-packages/django/views/generic/list.py", line 178, in get
    context = self.get_context_data()
  File "/usr/local/lib/python3.14/site-packages/django/views/generic/list.py", line 128, in get_context_data
    paginator, page, queryset, is_paginated = self.paginate_queryset(
                                              ~~~~~~~~~~~~~~~~~~~~~~^
        queryset, page_size
        ^^^^^^^^^^^^^^^^^^^
    )
    ^
  File "/usr/local/lib/python3.14/site-packages/django/views/generic/list.py", line 73, in paginate_queryset
    page = paginator.page(page_number)
  File "/usr/local/lib/python3.14/site-packages/django/core/paginator.py", line 177, in page
    number = self.validate_number(number)
  File "/usr/local/lib/python3.14/site-packages/django/core/paginator.py", line 160, in validate_number
    return self._validate_number(number, self.num_pages)
                                         ^^^^^^^^^^^^^^
  File "/usr/local/lib/python3.14/site-packages/django/utils/functional.py", line 47, in __get__
    res = instance.__dict__[self.name] = self.func(instance)
                                         ~~~~~~~~~^^^^^^^^^^
  File "/usr/local/lib/python3.14/site-packages/django/core/paginator.py", line 195, in num_pages
    if self.count == 0 and not self.allow_empty_first_page:
       ^^^^^^^^^^
  File "/usr/local/lib/python3.14/site-packages/django/utils/functional.py", line 47, in __get__
    res = instance.__dict__[self.name] = self.func(instance)
                                         ~~~~~~~~~^^^^^^^^^^
  File "/usr/local/lib/python3.14/site-packages/django/core/paginator.py", line 189, in count
    return c()
  File "/usr/local/lib/python3.14/site-packages/django/db/models/query.py", line 610, in count
    return self.query.get_count(using=self.db)
           ~~~~~~~~~~~~~~~~~~~~^^^^^^^^^^^^^^^
  File "/usr/local/lib/python3.14/site-packages/django/db/models/sql/query.py", line 656, in get_count
    return obj.get_aggregation(using, {"__count": Count("*")})["__count"]
           ~~~~~~~~~~~~~~~~~~~^^^^^^^^^^^^^^^^^^^^^^^^^^^^^^^^
  File "/usr/local/lib/python3.14/site-packages/django/db/models/sql/query.py", line 638, in get_aggregation
    result = compiler.execute_sql(SINGLE)
  File "/usr/local/lib/python3.14/site-packages/django/db/models/sql/compiler.py", line 1624, in execute_sql
    cursor.execute(sql, params)
    ~~~~~~~~~~~~~~^^^^^^^^^^^^^
  File "/usr/local/lib/python3.14/site-packages/debug_toolbar/panels/sql/tracking.py", line 243, in execute
    return self._record(super().execute, sql, params)
           ~~~~~~~~~~~~^^^^^^^^^^^^^^^^^^^^^^^^^^^^^^
  File "/usr/local/lib/python3.14/site-packages/debug_toolbar/panels/sql/tracking.py", line 164, in _record
    return method(sql, params)
  File "/usr/local/lib/python3.14/site-packages/django/db/backends/utils.py", line 122, in execute
    return super().execute(sql, params)
           ~~~~~~~~~~~~~~~^^^^^^^^^^^^^
  File "/usr/local/lib/python3.14/site-packages/django/db/backends/utils.py", line 79, in execute
    return self._execute_with_wrappers(
           ~~~~~~~~~~~~~~~~~~~~~~~~~~~^
        sql, params, many=False, executor=self._execute
        ^^^^^^^^^^^^^^^^^^^^^^^^^^^^^^^^^^^^^^^^^^^^^^^
    )
    ^
  File "/usr/local/lib/python3.14/site-packages/django/db/backends/utils.py", line 92, in _execute_with_wrappers
    return executor(sql, params, many, context)
  File "/usr/local/lib/python3.14/site-packages/django/db/backends/utils.py", line 100, in _execute
    with self.db.wrap_database_errors:
         ^^^^^^^^^^^^^^^^^^^^^^^^^^^^
  File "/usr/local/lib/python3.14/site-packages/django/db/utils.py", line 94, in __exit__
    raise dj_exc_value.with_traceback(traceback) from exc_value
  File "/usr/local/lib/python3.14/site-packages/django/db/backends/utils.py", line 105, in _execute
    return self.cursor.execute(sql, params)
           ~~~~~~~~~~~~~~~~~~~^^^^^^^^^^^^^
  File "/usr/local/lib/python3.14/site-packages/psycopg/cursor.py", line 117, in execute
    raise ex.with_traceback(None)
django.db.utils.ProgrammingError: relation "shop_book" does not exist
LINE 1: SELECT COUNT(*) AS "__count" FROM "shop_book"
                                          ^
INFO 2026-06-12 11:55:37,850 middleware ⬅️ Response: GET / Status: 500 Time: 0.0475s
ERROR 2026-06-12 11:55:37,885 log "GET / HTTP/1.1" 500 193714
INFO 2026-06-12 11:55:37,889 basehttp - Broken pipe from ('127.0.0.1', 34514)
INFO 2026-06-12 11:55:57,938 middleware ➡️ Request: GET /
ERROR 2026-06-12 11:55:57,972 log Internal Server Error: /
Traceback (most recent call last):
  File "/usr/local/lib/python3.14/site-packages/django/db/backends/utils.py", line 105, in _execute
    return self.cursor.execute(sql, params)
           ~~~~~~~~~~~~~~~~~~~^^^^^^^^^^^^^
  File "/usr/local/lib/python3.14/site-packages/psycopg/cursor.py", line 117, in execute
    raise ex.with_traceback(None)
psycopg.errors.UndefinedTable: relation "shop_book" does not exist
LINE 1: SELECT COUNT(*) AS "__count" FROM "shop_book"
                                          ^

The above exception was the direct cause of the following exception:

Traceback (most recent call last):
  File "/usr/local/lib/python3.14/site-packages/django/core/handlers/exception.py", line 55, in inner
    response = get_response(request)
  File "/usr/local/lib/python3.14/site-packages/django/core/handlers/base.py", line 198, in _get_response
    response = wrapped_callback(request, *callback_args, **callback_kwargs)
  File "/usr/local/lib/python3.14/site-packages/django/views/generic/base.py", line 106, in view
    return self.dispatch(request, *args, **kwargs)
           ~~~~~~~~~~~~~^^^^^^^^^^^^^^^^^^^^^^^^^^
  File "/usr/local/lib/python3.14/site-packages/django/views/generic/base.py", line 145, in dispatch
    return handler(request, *args, **kwargs)
  File "/usr/local/lib/python3.14/site-packages/django/views/generic/list.py", line 178, in get
    context = self.get_context_data()
  File "/usr/local/lib/python3.14/site-packages/django/views/generic/list.py", line 128, in get_context_data
    paginator, page, queryset, is_paginated = self.paginate_queryset(
                                              ~~~~~~~~~~~~~~~~~~~~~~^
        queryset, page_size
        ^^^^^^^^^^^^^^^^^^^
    )
    ^
  File "/usr/local/lib/python3.14/site-packages/django/views/generic/list.py", line 73, in paginate_queryset
    page = paginator.page(page_number)
  File "/usr/local/lib/python3.14/site-packages/django/core/paginator.py", line 177, in page
    number = self.validate_number(number)
  File "/usr/local/lib/python3.14/site-packages/django/core/paginator.py", line 160, in validate_number
    return self._validate_number(number, self.num_pages)
                                         ^^^^^^^^^^^^^^
  File "/usr/local/lib/python3.14/site-packages/django/utils/functional.py", line 47, in __get__
    res = instance.__dict__[self.name] = self.func(instance)
                                         ~~~~~~~~~^^^^^^^^^^
  File "/usr/local/lib/python3.14/site-packages/django/core/paginator.py", line 195, in num_pages
    if self.count == 0 and not self.allow_empty_first_page:
       ^^^^^^^^^^
  File "/usr/local/lib/python3.14/site-packages/django/utils/functional.py", line 47, in __get__
    res = instance.__dict__[self.name] = self.func(instance)
                                         ~~~~~~~~~^^^^^^^^^^
  File "/usr/local/lib/python3.14/site-packages/django/core/paginator.py", line 189, in count
    return c()
  File "/usr/local/lib/python3.14/site-packages/django/db/models/query.py", line 610, in count
    return self.query.get_count(using=self.db)
           ~~~~~~~~~~~~~~~~~~~~^^^^^^^^^^^^^^^
  File "/usr/local/lib/python3.14/site-packages/django/db/models/sql/query.py", line 656, in get_count
    return obj.get_aggregation(using, {"__count": Count("*")})["__count"]
           ~~~~~~~~~~~~~~~~~~~^^^^^^^^^^^^^^^^^^^^^^^^^^^^^^^^
  File "/usr/local/lib/python3.14/site-packages/django/db/models/sql/query.py", line 638, in get_aggregation
    result = compiler.execute_sql(SINGLE)
  File "/usr/local/lib/python3.14/site-packages/django/db/models/sql/compiler.py", line 1624, in execute_sql
    cursor.execute(sql, params)
    ~~~~~~~~~~~~~~^^^^^^^^^^^^^
  File "/usr/local/lib/python3.14/site-packages/debug_toolbar/panels/sql/tracking.py", line 243, in execute
    return self._record(super().execute, sql, params)
           ~~~~~~~~~~~~^^^^^^^^^^^^^^^^^^^^^^^^^^^^^^
  File "/usr/local/lib/python3.14/site-packages/debug_toolbar/panels/sql/tracking.py", line 164, in _record
    return method(sql, params)
  File "/usr/local/lib/python3.14/site-packages/django/db/backends/utils.py", line 122, in execute
    return super().execute(sql, params)
           ~~~~~~~~~~~~~~~^^^^^^^^^^^^^
  File "/usr/local/lib/python3.14/site-packages/django/db/backends/utils.py", line 79, in execute
    return self._execute_with_wrappers(
           ~~~~~~~~~~~~~~~~~~~~~~~~~~~^
        sql, params, many=False, executor=self._execute
        ^^^^^^^^^^^^^^^^^^^^^^^^^^^^^^^^^^^^^^^^^^^^^^^
    )
    ^
  File "/usr/local/lib/python3.14/site-packages/django/db/backends/utils.py", line 92, in _execute_with_wrappers
    return executor(sql, params, many, context)
  File "/usr/local/lib/python3.14/site-packages/django/db/backends/utils.py", line 100, in _execute
    with self.db.wrap_database_errors:
         ^^^^^^^^^^^^^^^^^^^^^^^^^^^^
  File "/usr/local/lib/python3.14/site-packages/django/db/utils.py", line 94, in __exit__
    raise dj_exc_value.with_traceback(traceback) from exc_value
  File "/usr/local/lib/python3.14/site-packages/django/db/backends/utils.py", line 105, in _execute
    return self.cursor.execute(sql, params)
           ~~~~~~~~~~~~~~~~~~~^^^^^^^^^^^^^
  File "/usr/local/lib/python3.14/site-packages/psycopg/cursor.py", line 117, in execute
    raise ex.with_traceback(None)
django.db.utils.ProgrammingError: relation "shop_book" does not exist
LINE 1: SELECT COUNT(*) AS "__count" FROM "shop_book"
                                          ^
INFO 2026-06-12 11:55:57,977 middleware ⬅️ Response: GET / Status: 500 Time: 0.0389s
ERROR 2026-06-12 11:55:58,018 log "GET / HTTP/1.1" 500 193715
INFO 2026-06-12 11:55:58,022 basehttp - Broken pipe from ('127.0.0.1', 39152)
INFO 2026-06-12 11:56:18,072 middleware ➡️ Request: GET /
ERROR 2026-06-12 11:56:18,113 log Internal Server Error: /
Traceback (most recent call last):
  File "/usr/local/lib/python3.14/site-packages/django/db/backends/utils.py", line 105, in _execute
    return self.cursor.execute(sql, params)
           ~~~~~~~~~~~~~~~~~~~^^^^^^^^^^^^^
  File "/usr/local/lib/python3.14/site-packages/psycopg/cursor.py", line 117, in execute
    raise ex.with_traceback(None)
psycopg.errors.UndefinedTable: relation "shop_book" does not exist
LINE 1: SELECT COUNT(*) AS "__count" FROM "shop_book"
                                          ^

The above exception was the direct cause of the following exception:

Traceback (most recent call last):
  File "/usr/local/lib/python3.14/site-packages/django/core/handlers/exception.py", line 55, in inner
    response = get_response(request)
  File "/usr/local/lib/python3.14/site-packages/django/core/handlers/base.py", line 198, in _get_response
    response = wrapped_callback(request, *callback_args, **callback_kwargs)
  File "/usr/local/lib/python3.14/site-packages/django/views/generic/base.py", line 106, in view
    return self.dispatch(request, *args, **kwargs)
           ~~~~~~~~~~~~~^^^^^^^^^^^^^^^^^^^^^^^^^^
  File "/usr/local/lib/python3.14/site-packages/django/views/generic/base.py", line 145, in dispatch
    return handler(request, *args, **kwargs)
  File "/usr/local/lib/python3.14/site-packages/django/views/generic/list.py", line 178, in get
    context = self.get_context_data()
  File "/usr/local/lib/python3.14/site-packages/django/views/generic/list.py", line 128, in get_context_data
    paginator, page, queryset, is_paginated = self.paginate_queryset(
                                              ~~~~~~~~~~~~~~~~~~~~~~^
        queryset, page_size
        ^^^^^^^^^^^^^^^^^^^
    )
    ^
  File "/usr/local/lib/python3.14/site-packages/django/views/generic/list.py", line 73, in paginate_queryset
    page = paginator.page(page_number)
  File "/usr/local/lib/python3.14/site-packages/django/core/paginator.py", line 177, in page
    number = self.validate_number(number)
  File "/usr/local/lib/python3.14/site-packages/django/core/paginator.py", line 160, in validate_number
    return self._validate_number(number, self.num_pages)
                                         ^^^^^^^^^^^^^^
  File "/usr/local/lib/python3.14/site-packages/django/utils/functional.py", line 47, in __get__
    res = instance.__dict__[self.name] = self.func(instance)
                                         ~~~~~~~~~^^^^^^^^^^
  File "/usr/local/lib/python3.14/site-packages/django/core/paginator.py", line 195, in num_pages
    if self.count == 0 and not self.allow_empty_first_page:
       ^^^^^^^^^^
  File "/usr/local/lib/python3.14/site-packages/django/utils/functional.py", line 47, in __get__
    res = instance.__dict__[self.name] = self.func(instance)
                                         ~~~~~~~~~^^^^^^^^^^
  File "/usr/local/lib/python3.14/site-packages/django/core/paginator.py", line 189, in count
    return c()
  File "/usr/local/lib/python3.14/site-packages/django/db/models/query.py", line 610, in count
    return self.query.get_count(using=self.db)
           ~~~~~~~~~~~~~~~~~~~~^^^^^^^^^^^^^^^
  File "/usr/local/lib/python3.14/site-packages/django/db/models/sql/query.py", line 656, in get_count
    return obj.get_aggregation(using, {"__count": Count("*")})["__count"]
           ~~~~~~~~~~~~~~~~~~~^^^^^^^^^^^^^^^^^^^^^^^^^^^^^^^^
  File "/usr/local/lib/python3.14/site-packages/django/db/models/sql/query.py", line 638, in get_aggregation
    result = compiler.execute_sql(SINGLE)
  File "/usr/local/lib/python3.14/site-packages/django/db/models/sql/compiler.py", line 1624, in execute_sql
    cursor.execute(sql, params)
    ~~~~~~~~~~~~~~^^^^^^^^^^^^^
  File "/usr/local/lib/python3.14/site-packages/debug_toolbar/panels/sql/tracking.py", line 243, in execute
    return self._record(super().execute, sql, params)
           ~~~~~~~~~~~~^^^^^^^^^^^^^^^^^^^^^^^^^^^^^^
  File "/usr/local/lib/python3.14/site-packages/debug_toolbar/panels/sql/tracking.py", line 164, in _record
    return method(sql, params)
  File "/usr/local/lib/python3.14/site-packages/django/db/backends/utils.py", line 122, in execute
    return super().execute(sql, params)
           ~~~~~~~~~~~~~~~^^^^^^^^^^^^^
  File "/usr/local/lib/python3.14/site-packages/django/db/backends/utils.py", line 79, in execute
    return self._execute_with_wrappers(
           ~~~~~~~~~~~~~~~~~~~~~~~~~~~^
        sql, params, many=False, executor=self._execute
        ^^^^^^^^^^^^^^^^^^^^^^^^^^^^^^^^^^^^^^^^^^^^^^^
    )
    ^
  File "/usr/local/lib/python3.14/site-packages/django/db/backends/utils.py", line 92, in _execute_with_wrappers
    return executor(sql, params, many, context)
  File "/usr/local/lib/python3.14/site-packages/django/db/backends/utils.py", line 100, in _execute
    with self.db.wrap_database_errors:
         ^^^^^^^^^^^^^^^^^^^^^^^^^^^^
  File "/usr/local/lib/python3.14/site-packages/django/db/utils.py", line 94, in __exit__
    raise dj_exc_value.with_traceback(traceback) from exc_value
  File "/usr/local/lib/python3.14/site-packages/django/db/backends/utils.py", line 105, in _execute
    return self.cursor.execute(sql, params)
           ~~~~~~~~~~~~~~~~~~~^^^^^^^^^^^^^
  File "/usr/local/lib/python3.14/site-packages/psycopg/cursor.py", line 117, in execute
    raise ex.with_traceback(None)
django.db.utils.ProgrammingError: relation "shop_book" does not exist
LINE 1: SELECT COUNT(*) AS "__count" FROM "shop_book"
                                          ^
INFO 2026-06-12 11:56:18,119 middleware ⬅️ Response: GET / Status: 500 Time: 0.0466s
ERROR 2026-06-12 11:56:18,155 log "GET / HTTP/1.1" 500 193716
INFO 2026-06-12 11:56:18,158 basehttp - Broken pipe from ('127.0.0.1', 47682)
INFO 2026-06-12 11:56:38,203 middleware ➡️ Request: GET /
ERROR 2026-06-12 11:56:38,244 log Internal Server Error: /
Traceback (most recent call last):
  File "/usr/local/lib/python3.14/site-packages/django/db/backends/utils.py", line 105, in _execute
    return self.cursor.execute(sql, params)
           ~~~~~~~~~~~~~~~~~~~^^^^^^^^^^^^^
  File "/usr/local/lib/python3.14/site-packages/psycopg/cursor.py", line 117, in execute
    raise ex.with_traceback(None)
psycopg.errors.UndefinedTable: relation "shop_book" does not exist
LINE 1: SELECT COUNT(*) AS "__count" FROM "shop_book"
                                          ^

The above exception was the direct cause of the following exception:

Traceback (most recent call last):
  File "/usr/local/lib/python3.14/site-packages/django/core/handlers/exception.py", line 55, in inner
    response = get_response(request)
  File "/usr/local/lib/python3.14/site-packages/django/core/handlers/base.py", line 198, in _get_response
    response = wrapped_callback(request, *callback_args, **callback_kwargs)
  File "/usr/local/lib/python3.14/site-packages/django/views/generic/base.py", line 106, in view
    return self.dispatch(request, *args, **kwargs)
           ~~~~~~~~~~~~~^^^^^^^^^^^^^^^^^^^^^^^^^^
  File "/usr/local/lib/python3.14/site-packages/django/views/generic/base.py", line 145, in dispatch
    return handler(request, *args, **kwargs)
  File "/usr/local/lib/python3.14/site-packages/django/views/generic/list.py", line 178, in get
    context = self.get_context_data()
  File "/usr/local/lib/python3.14/site-packages/django/views/generic/list.py", line 128, in get_context_data
    paginator, page, queryset, is_paginated = self.paginate_queryset(
                                              ~~~~~~~~~~~~~~~~~~~~~~^
        queryset, page_size
        ^^^^^^^^^^^^^^^^^^^
    )
    ^
  File "/usr/local/lib/python3.14/site-packages/django/views/generic/list.py", line 73, in paginate_queryset
    page = paginator.page(page_number)
  File "/usr/local/lib/python3.14/site-packages/django/core/paginator.py", line 177, in page
    number = self.validate_number(number)
  File "/usr/local/lib/python3.14/site-packages/django/core/paginator.py", line 160, in validate_number
    return self._validate_number(number, self.num_pages)
                                         ^^^^^^^^^^^^^^
  File "/usr/local/lib/python3.14/site-packages/django/utils/functional.py", line 47, in __get__
    res = instance.__dict__[self.name] = self.func(instance)
                                         ~~~~~~~~~^^^^^^^^^^
  File "/usr/local/lib/python3.14/site-packages/django/core/paginator.py", line 195, in num_pages
    if self.count == 0 and not self.allow_empty_first_page:
       ^^^^^^^^^^
  File "/usr/local/lib/python3.14/site-packages/django/utils/functional.py", line 47, in __get__
    res = instance.__dict__[self.name] = self.func(instance)
                                         ~~~~~~~~~^^^^^^^^^^
  File "/usr/local/lib/python3.14/site-packages/django/core/paginator.py", line 189, in count
    return c()
  File "/usr/local/lib/python3.14/site-packages/django/db/models/query.py", line 610, in count
    return self.query.get_count(using=self.db)
           ~~~~~~~~~~~~~~~~~~~~^^^^^^^^^^^^^^^
  File "/usr/local/lib/python3.14/site-packages/django/db/models/sql/query.py", line 656, in get_count
    return obj.get_aggregation(using, {"__count": Count("*")})["__count"]
           ~~~~~~~~~~~~~~~~~~~^^^^^^^^^^^^^^^^^^^^^^^^^^^^^^^^
  File "/usr/local/lib/python3.14/site-packages/django/db/models/sql/query.py", line 638, in get_aggregation
    result = compiler.execute_sql(SINGLE)
  File "/usr/local/lib/python3.14/site-packages/django/db/models/sql/compiler.py", line 1624, in execute_sql
    cursor.execute(sql, params)
    ~~~~~~~~~~~~~~^^^^^^^^^^^^^
  File "/usr/local/lib/python3.14/site-packages/debug_toolbar/panels/sql/tracking.py", line 243, in execute
    return self._record(super().execute, sql, params)
           ~~~~~~~~~~~~^^^^^^^^^^^^^^^^^^^^^^^^^^^^^^
  File "/usr/local/lib/python3.14/site-packages/debug_toolbar/panels/sql/tracking.py", line 164, in _record
    return method(sql, params)
  File "/usr/local/lib/python3.14/site-packages/django/db/backends/utils.py", line 122, in execute
    return super().execute(sql, params)
           ~~~~~~~~~~~~~~~^^^^^^^^^^^^^
  File "/usr/local/lib/python3.14/site-packages/django/db/backends/utils.py", line 79, in execute
    return self._execute_with_wrappers(
           ~~~~~~~~~~~~~~~~~~~~~~~~~~~^
        sql, params, many=False, executor=self._execute
        ^^^^^^^^^^^^^^^^^^^^^^^^^^^^^^^^^^^^^^^^^^^^^^^
    )
    ^
  File "/usr/local/lib/python3.14/site-packages/django/db/backends/utils.py", line 92, in _execute_with_wrappers
    return executor(sql, params, many, context)
  File "/usr/local/lib/python3.14/site-packages/django/db/backends/utils.py", line 100, in _execute
    with self.db.wrap_database_errors:
         ^^^^^^^^^^^^^^^^^^^^^^^^^^^^
  File "/usr/local/lib/python3.14/site-packages/django/db/utils.py", line 94, in __exit__
    raise dj_exc_value.with_traceback(traceback) from exc_value
  File "/usr/local/lib/python3.14/site-packages/django/db/backends/utils.py", line 105, in _execute
    return self.cursor.execute(sql, params)
           ~~~~~~~~~~~~~~~~~~~^^^^^^^^^^^^^
  File "/usr/local/lib/python3.14/site-packages/psycopg/cursor.py", line 117, in execute
    raise ex.with_traceback(None)
django.db.utils.ProgrammingError: relation "shop_book" does not exist
LINE 1: SELECT COUNT(*) AS "__count" FROM "shop_book"
                                          ^
INFO 2026-06-12 11:56:38,250 middleware ⬅️ Response: GET / Status: 500 Time: 0.0466s
ERROR 2026-06-12 11:56:38,286 log "GET / HTTP/1.1" 500 193714
INFO 2026-06-12 11:56:38,289 basehttp - Broken pipe from ('127.0.0.1', 34004)
INFO 2026-06-12 18:16:30,889 autoreload Watching for file changes with StatReloader
INFO 2026-06-12 19:27:38,770 autoreload Watching for file changes with StatReloader
INFO 2026-06-12 19:41:14,819 autoreload Watching for file changes with StatReloader
INFO 2026-06-12 19:44:00,273 autoreload /app/shopbook/settings.py changed, reloading.
INFO 2026-06-12 19:44:01,276 autoreload Watching for file changes with StatReloader
INFO 2026-06-12 19:51:22,514 autoreload Watching for file changes with StatReloader
INFO 2026-06-12 19:52:55,695 autoreload Watching for file changes with StatReloader
INFO 2026-06-12 19:53:52,021 middleware ➡️ Request: GET /
INFO 2026-06-12 19:53:52,057 middleware ⬅️ Response: GET / Status: 200 Time: 0.0366s
INFO 2026-06-12 19:53:52,065 log "GET / HTTP/1.1" 200 1053
INFO 2026-06-12 19:53:52,214 middleware ➡️ Request: GET /favicon.ico
INFO 2026-06-12 19:53:52,219 middleware ⬅️ Response: GET /favicon.ico Status: 404 Time: 0.005s
WARNING 2026-06-12 19:53:52,221 log Not Found: /favicon.ico
WARNING 2026-06-12 19:53:52,221 log "GET /favicon.ico HTTP/1.1" 404 3986
INFO 2026-06-12 20:16:25,845 autoreload /app/shopbook/settings.py changed, reloading.
INFO 2026-06-12 20:16:26,418 autoreload Watching for file changes with StatReloader
INFO 2026-06-12 20:17:00,899 autoreload /app/shopbook/settings.py changed, reloading.
INFO 2026-06-12 20:17:01,442 autoreload Watching for file changes with StatReloader
INFO 2026-06-12 20:17:29,337 autoreload /app/shopbook/settings.py changed, reloading.
INFO 2026-06-12 20:17:30,070 autoreload Watching for file changes with StatReloader
INFO 2026-06-12 20:21:37,877 autoreload /app/shopbook/settings.py changed, reloading.
INFO 2026-06-12 20:21:38,516 autoreload Watching for file changes with StatReloader
INFO 2026-06-12 20:22:45,916 autoreload /app/shopbook/settings.py changed, reloading.
INFO 2026-06-12 20:22:46,782 autoreload Watching for file changes with StatReloader
INFO 2026-06-12 20:31:18,704 autoreload /app/shop/models.py changed, reloading.
INFO 2026-06-12 20:31:19,322 autoreload Watching for file changes with StatReloader
INFO 2026-06-12 21:21:42,170 middleware ➡️ Request: GET /
INFO 2026-06-12 21:21:42,307 middleware ⬅️ Response: GET / Status: 200 Time: 0.1376s
INFO 2026-06-12 21:21:42,313 log "GET / HTTP/1.1" 200 1221
INFO 2026-06-12 21:24:22,223 middleware ➡️ Request: GET /
INFO 2026-06-12 21:24:22,246 middleware ⬅️ Response: GET / Status: 200 Time: 0.023s
INFO 2026-06-12 21:24:22,249 log "GET / HTTP/1.1" 200 1221
INFO 2026-06-12 21:24:30,293 middleware ➡️ Request: GET /admin/
INFO 2026-06-12 21:24:30,303 middleware ⬅️ Response: GET /admin/ Status: 302 Time: 0.0098s
INFO 2026-06-12 21:24:30,306 log "GET /admin/ HTTP/1.1" 302 0
INFO 2026-06-12 21:24:30,310 middleware ➡️ Request: GET /admin/login/
INFO 2026-06-12 21:24:30,345 middleware ⬅️ Response: GET /admin/login/ Status: 200 Time: 0.0351s
INFO 2026-06-12 21:24:30,347 log "GET /admin/login/?next=/admin/ HTTP/1.1" 200 4080
INFO 2026-06-12 21:24:30,387 log "GET /static/admin/css/dark_mode.css HTTP/1.1" 200 3538
INFO 2026-06-12 21:24:30,391 log "GET /static/admin/css/nav_sidebar.css HTTP/1.1" 200 2810
INFO 2026-06-12 21:24:30,391 log "GET /static/admin/css/base.css HTTP/1.1" 200 23100
INFO 2026-06-12 21:24:30,392 log "GET /static/admin/css/login.css HTTP/1.1" 200 951
INFO 2026-06-12 21:24:30,392 log "GET /static/admin/css/responsive.css HTTP/1.1" 200 16273
INFO 2026-06-12 21:24:30,392 log "GET /static/admin/js/theme.js HTTP/1.1" 200 1653
INFO 2026-06-12 21:24:30,419 log "GET /static/admin/js/nav_sidebar.js HTTP/1.1" 200 3063
INFO 2026-06-12 21:24:59,529 middleware ➡️ Request: POST /admin/login/
INFO 2026-06-12 21:24:59,737 middleware ⬅️ Response: POST /admin/login/ Status: 200 Time: 0.2083s
INFO 2026-06-12 21:24:59,739 log "POST /admin/login/?next=/admin/ HTTP/1.1" 200 4251
INFO 2026-06-12 21:25:38,296 middleware ➡️ Request: POST /admin/login/
INFO 2026-06-12 21:25:38,470 middleware ⬅️ Response: POST /admin/login/ Status: 200 Time: 0.1743s
INFO 2026-06-12 21:25:38,472 log "POST /admin/login/?next=/admin/ HTTP/1.1" 200 4251
INFO 2026-06-12 21:25:49,434 middleware ➡️ Request: POST /admin/login/
INFO 2026-06-12 21:25:49,612 middleware ⬅️ Response: POST /admin/login/ Status: 200 Time: 0.178s
INFO 2026-06-12 21:25:49,613 log "POST /admin/login/?next=/admin/ HTTP/1.1" 200 4251
INFO 2026-06-12 21:26:15,986 middleware ➡️ Request: POST /admin/login/
INFO 2026-06-12 21:26:16,184 middleware ⬅️ Response: POST /admin/login/ Status: 200 Time: 0.1988s
INFO 2026-06-12 21:26:16,186 log "POST /admin/login/?next=/admin/ HTTP/1.1" 200 4251
INFO 2026-06-12 21:29:57,170 middleware ➡️ Request: POST /admin/login/
INFO 2026-06-12 21:29:57,354 middleware ⬅️ Response: POST /admin/login/ Status: 200 Time: 0.1835s
INFO 2026-06-12 21:29:57,355 log "POST /admin/login/?next=/admin/ HTTP/1.1" 200 4251
INFO 2026-06-12 21:30:00,866 middleware ➡️ Request: GET /admin/login/
INFO 2026-06-12 21:30:00,875 middleware ⬅️ Response: GET /admin/login/ Status: 200 Time: 0.0087s
INFO 2026-06-12 21:30:00,877 log "GET /admin/login/?next=/admin/ HTTP/1.1" 200 4080
INFO 2026-06-12 21:30:20,739 middleware ➡️ Request: POST /admin/login/
INFO 2026-06-12 21:30:20,953 middleware ⬅️ Response: POST /admin/login/ Status: 302 Time: 0.2132s
INFO 2026-06-12 21:30:20,957 log "POST /admin/login/?next=/admin/ HTTP/1.1" 302 0
INFO 2026-06-12 21:30:20,961 middleware ➡️ Request: GET /admin/
INFO 2026-06-12 21:30:21,002 middleware ⬅️ Response: GET /admin/ Status: 200 Time: 0.0414s
INFO 2026-06-12 21:30:21,004 log "GET /admin/ HTTP/1.1" 200 7069
INFO 2026-06-12 21:30:21,031 log "GET /static/admin/css/dashboard.css HTTP/1.1" 200 441
INFO 2026-06-12 21:30:21,071 log "GET /static/admin/img/icon-addlink.svg HTTP/1.1" 200 593
INFO 2026-06-12 21:30:21,074 log "GET /static/admin/img/icon-changelink.svg HTTP/1.1" 200 978
INFO 2026-06-12 21:30:26,130 middleware ➡️ Request: GET /admin/shop/book/add/
INFO 2026-06-12 21:30:26,185 middleware ⬅️ Response: GET /admin/shop/book/add/ Status: 200 Time: 0.0547s
INFO 2026-06-12 21:30:26,186 log "GET /admin/shop/book/add/ HTTP/1.1" 200 13392
INFO 2026-06-12 21:30:26,205 middleware ➡️ Request: GET /admin/jsi18n/
INFO 2026-06-12 21:30:26,207 log "GET /static/admin/css/forms.css HTTP/1.1" 200 8831
INFO 2026-06-12 21:30:26,217 log "GET /static/admin/js/jquery.init.js HTTP/1.1" 200 347
INFO 2026-06-12 21:30:26,228 log "GET /static/admin/js/actions.js HTTP/1.1" 200 8076
INFO 2026-06-12 21:30:26,230 log "GET /static/admin/js/urlify.js HTTP/1.1" 200 7887
INFO 2026-06-12 21:30:26,231 log "GET /static/admin/js/core.js HTTP/1.1" 200 6208
INFO 2026-06-12 21:30:26,237 log "GET /static/admin/js/admin/RelatedObjectLookups.js HTTP/1.1" 200 9777
INFO 2026-06-12 21:30:26,248 log "GET /static/admin/js/prepopulate.js HTTP/1.1" 200 1531
INFO 2026-06-12 21:30:26,253 log "GET /static/admin/js/prepopulate_init.js HTTP/1.1" 200 586
INFO 2026-06-12 21:30:26,254 log "GET /static/admin/css/widgets.css HTTP/1.1" 200 11811
INFO 2026-06-12 21:30:26,256 middleware ⬅️ Response: GET /admin/jsi18n/ Status: 200 Time: 0.0507s
INFO 2026-06-12 21:30:26,262 log "GET /static/admin/js/vendor/jquery/jquery.js HTTP/1.1" 200 285314
INFO 2026-06-12 21:30:26,263 log "GET /admin/jsi18n/ HTTP/1.1" 200 3342
INFO 2026-06-12 21:30:26,265 log "GET /static/admin/js/vendor/xregexp/xregexp.js HTTP/1.1" 200 325171
INFO 2026-06-12 21:30:26,286 log "GET /static/admin/img/icon-viewlink.svg HTTP/1.1" 200 928
INFO 2026-06-12 21:30:26,301 log "GET /static/admin/js/change_form.js HTTP/1.1" 200 606
INFO 2026-06-12 21:31:15,030 middleware ➡️ Request: POST /admin/shop/book/add/
INFO 2026-06-12 21:31:15,059 middleware ⬅️ Response: POST /admin/shop/book/add/ Status: 302 Time: 0.0295s
INFO 2026-06-12 21:31:15,061 log "POST /admin/shop/book/add/ HTTP/1.1" 302 0
INFO 2026-06-12 21:31:15,066 middleware ➡️ Request: GET /admin/shop/book/
INFO 2026-06-12 21:31:15,126 middleware ⬅️ Response: GET /admin/shop/book/ Status: 200 Time: 0.0605s
INFO 2026-06-12 21:31:15,127 log "GET /admin/shop/book/ HTTP/1.1" 200 13104
INFO 2026-06-12 21:31:15,150 middleware ➡️ Request: GET /admin/jsi18n/
INFO 2026-06-12 21:31:15,158 log "GET /static/admin/css/changelists.css HTTP/1.1" 200 7498
INFO 2026-06-12 21:31:15,161 log "GET /static/admin/img/search.svg HTTP/1.1" 200 607
INFO 2026-06-12 21:31:15,176 middleware ⬅️ Response: GET /admin/jsi18n/ Status: 200 Time: 0.0258s
INFO 2026-06-12 21:31:15,178 log "GET /static/admin/js/filters.js HTTP/1.1" 200 978
INFO 2026-06-12 21:31:15,178 log "GET /admin/jsi18n/ HTTP/1.1" 200 3342
INFO 2026-06-12 21:31:15,213 log "GET /static/admin/img/icon-yes.svg HTTP/1.1" 200 558
INFO 2026-06-12 21:31:15,214 log "GET /static/admin/img/tooltag-add.svg HTTP/1.1" 200 593
INFO 2026-06-12 21:31:19,407 log "GET /static/admin/img/icon-yes-dark.svg HTTP/1.1" 200 558
INFO 2026-06-12 21:31:39,120 middleware ➡️ Request: GET /admin/shop/category/add/
INFO 2026-06-12 21:31:39,160 middleware ⬅️ Response: GET /admin/shop/category/add/ Status: 200 Time: 0.0401s
INFO 2026-06-12 21:31:39,162 log "GET /admin/shop/category/add/ HTTP/1.1" 200 15071
INFO 2026-06-12 21:31:39,195 middleware ➡️ Request: GET /admin/jsi18n/
INFO 2026-06-12 21:31:39,200 log "GET /static/admin/js/inlines.js HTTP/1.1" 200 15628
INFO 2026-06-12 21:31:39,212 middleware ⬅️ Response: GET /admin/jsi18n/ Status: 200 Time: 0.0178s
INFO 2026-06-12 21:31:39,214 log "GET /admin/jsi18n/ HTTP/1.1" 200 3342
INFO 2026-06-12 21:31:39,249 log "GET /static/admin/img/inline-delete.svg HTTP/1.1" 200 651
INFO 2026-06-12 21:31:50,100 middleware ➡️ Request: GET /admin/auth/group/add/
INFO 2026-06-12 21:31:50,156 middleware ⬅️ Response: GET /admin/auth/group/add/ Status: 200 Time: 0.0555s
INFO 2026-06-12 21:31:50,157 log "GET /admin/auth/group/add/ HTTP/1.1" 200 12863
INFO 2026-06-12 21:31:50,182 middleware ➡️ Request: GET /admin/jsi18n/
INFO 2026-06-12 21:31:50,189 log "GET /static/admin/js/SelectBox.js HTTP/1.1" 200 4530
INFO 2026-06-12 21:31:50,190 log "GET /static/admin/js/SelectFilter2.js HTTP/1.1" 200 16428
INFO 2026-06-12 21:31:50,207 middleware ⬅️ Response: GET /admin/jsi18n/ Status: 200 Time: 0.0253s
INFO 2026-06-12 21:31:50,209 log "GET /admin/jsi18n/ HTTP/1.1" 200 3342
INFO 2026-06-12 21:31:50,255 log "GET /static/admin/img/selector-icons.svg HTTP/1.1" 200 2387
INFO 2026-06-12 21:31:58,739 middleware ➡️ Request: GET /admin/shop/book/add/
INFO 2026-06-12 21:31:58,800 middleware ⬅️ Response: GET /admin/shop/book/add/ Status: 200 Time: 0.0603s
INFO 2026-06-12 21:31:58,802 log "GET /admin/shop/book/add/ HTTP/1.1" 200 13392
INFO 2026-06-12 21:31:58,839 middleware ➡️ Request: GET /admin/jsi18n/
INFO 2026-06-12 21:31:58,869 middleware ⬅️ Response: GET /admin/jsi18n/ Status: 200 Time: 0.0299s
INFO 2026-06-12 21:31:58,872 log "GET /admin/jsi18n/ HTTP/1.1" 200 3342
INFO 2026-06-12 21:32:01,816 middleware ➡️ Request: GET /admin/shop/book/add/
INFO 2026-06-12 21:32:01,842 middleware ⬅️ Response: GET /admin/shop/book/add/ Status: 200 Time: 0.0263s
INFO 2026-06-12 21:32:01,844 log "GET /admin/shop/book/add/ HTTP/1.1" 200 13392
INFO 2026-06-12 21:32:01,867 middleware ➡️ Request: GET /admin/jsi18n/
INFO 2026-06-12 21:32:01,885 middleware ⬅️ Response: GET /admin/jsi18n/ Status: 200 Time: 0.018s
INFO 2026-06-12 21:32:01,887 log "GET /admin/jsi18n/ HTTP/1.1" 200 3342
INFO 2026-06-12 21:32:03,082 middleware ➡️ Request: GET /admin/shop/category/add/
INFO 2026-06-12 21:32:03,106 middleware ⬅️ Response: GET /admin/shop/category/add/ Status: 200 Time: 0.0234s
INFO 2026-06-12 21:32:03,108 log "GET /admin/shop/category/add/ HTTP/1.1" 200 15071
INFO 2026-06-12 21:32:03,131 middleware ➡️ Request: GET /admin/jsi18n/
INFO 2026-06-12 21:32:03,148 middleware ⬅️ Response: GET /admin/jsi18n/ Status: 200 Time: 0.0177s
INFO 2026-06-12 21:32:03,150 log "GET /admin/jsi18n/ HTTP/1.1" 200 3342
INFO 2026-06-12 21:32:04,597 middleware ➡️ Request: GET /admin/shop/book/add/
INFO 2026-06-12 21:32:04,626 middleware ⬅️ Response: GET /admin/shop/book/add/ Status: 200 Time: 0.029s
INFO 2026-06-12 21:32:04,627 log "GET /admin/shop/book/add/ HTTP/1.1" 200 13392
INFO 2026-06-12 21:32:04,652 middleware ➡️ Request: GET /admin/jsi18n/
INFO 2026-06-12 21:32:04,672 middleware ⬅️ Response: GET /admin/jsi18n/ Status: 200 Time: 0.0195s
INFO 2026-06-12 21:32:04,674 log "GET /admin/jsi18n/ HTTP/1.1" 200 3342
INFO 2026-06-12 21:32:13,221 middleware ➡️ Request: GET /admin/shop/category/add/
INFO 2026-06-12 21:32:13,246 middleware ⬅️ Response: GET /admin/shop/category/add/ Status: 200 Time: 0.0246s
INFO 2026-06-12 21:32:13,248 log "GET /admin/shop/category/add/ HTTP/1.1" 200 15071
INFO 2026-06-12 21:32:13,270 middleware ➡️ Request: GET /admin/jsi18n/
INFO 2026-06-12 21:32:13,291 middleware ⬅️ Response: GET /admin/jsi18n/ Status: 200 Time: 0.0203s
INFO 2026-06-12 21:32:13,292 log "GET /admin/jsi18n/ HTTP/1.1" 200 3342
